-- MySQL dump 10.13  Distrib 5.1.54, for debian-linux-gnu (i686)
--
-- Host: localhost    Database: Mayhem
-- ------------------------------------------------------
-- Server version	5.1.54-1ubuntu4

/*!40101 SET @OLD_CHARACTER_SET_CLIENT=@@CHARACTER_SET_CLIENT */;
/*!40101 SET @OLD_CHARACTER_SET_RESULTS=@@CHARACTER_SET_RESULTS */;
/*!40101 SET @OLD_COLLATION_CONNECTION=@@COLLATION_CONNECTION */;
/*!40101 SET NAMES utf8 */;
/*!40103 SET @OLD_TIME_ZONE=@@TIME_ZONE */;
/*!40103 SET TIME_ZONE='+00:00' */;
/*!40014 SET @OLD_UNIQUE_CHECKS=@@UNIQUE_CHECKS, UNIQUE_CHECKS=0 */;
/*!40014 SET @OLD_FOREIGN_KEY_CHECKS=@@FOREIGN_KEY_CHECKS, FOREIGN_KEY_CHECKS=0 */;
/*!40101 SET @OLD_SQL_MODE=@@SQL_MODE, SQL_MODE='NO_AUTO_VALUE_ON_ZERO' */;
/*!40111 SET @OLD_SQL_NOTES=@@SQL_NOTES, SQL_NOTES=0 */;

--
-- Table structure for table `PEGuestAction`
--

DROP TABLE IF EXISTS `PEGuestAction`;
/*!40101 SET @saved_cs_client     = @@character_set_client */;
/*!40101 SET character_set_client = utf8 */;
CREATE TABLE `PEGuestAction` (
  `id` int(11) NOT NULL AUTO_INCREMENT,
  `guestId` int(11) NOT NULL,
  `seq` int(11) NOT NULL DEFAULT '0',
  `desc` varchar(150) NOT NULL,
  `type` varchar(32) NOT NULL,
  `delaySec` int(11) NOT NULL DEFAULT '0',
  `fireAfterEvent` tinyint(4) NOT NULL DEFAULT '0',
  `data` varchar(1024) NOT NULL,
  PRIMARY KEY (`id`),
  KEY `fk_PEGuest` (`guestId`),
  CONSTRAINT `fk_PEGuest` FOREIGN KEY (`guestId`) REFERENCES `PEGuestTest` (`id`)
) ENGINE=InnoDB AUTO_INCREMENT=62 DEFAULT CHARSET=latin1;
/*!40101 SET character_set_client = @saved_cs_client */;

--
-- Dumping data for table `PEGuestAction`
--

LOCK TABLES `PEGuestAction` WRITE;
/*!40000 ALTER TABLE `PEGuestAction` DISABLE KEYS */;
INSERT INTO `PEGuestAction` VALUES (1,1,1,'Tap','TAP',1,0,''),(2,1,2,'Wait','WAIT',1,1,''),(3,2,1,'Tap','TAP',4,0,''),(4,2,2,'Scan','SCAN',4,1,'BADDATA'),(6,3,1,'Tap','TAP',1,0,''),(20,4,1,'Tap','TAP',1,0,''),(23,4,2,'Scan','SCAN',1,1,'CHEWY'),(24,3,2,'Wait','WAIT',4,1,''),(26,2,3,'Wait','WAIT',4,1,''),(43,4,4,'Wait','WAIT',4,1,''),(44,5,1,'Guest taps','TAP',1,0,''),(45,5,2,'Guest scans','SCAN',0,1,'ARABV0QAAAAAAAAAAAAAANQARk1SACAyMAAA1AA1CgEAAAEUAZgAxQDFAQAAAAAeQJQA2j8AQJAAzJQAQK8A1o0AQJsBH4AAQMEBJIUAQKkAkaEAQOMBH4gAQPEBJ5MAQIgAZVsAQDoBb0UAQHcA8oQAQJEBDn8AQIcAvqYAQMUA0Y8AQLEBNoEAQJcBTHoAQOAApZcAQF8BWEoAgGoAYAEAgNIATlAAgHMA34YAgJkAyEsAgHABFCkAgGcAtQgAgD8BE40AgCgA54IAgEcBQ6QAgC0BRpsAgOYBaIUAgEEAKgoAAAAAAQIDBAUGBwgJCgsMDQ4PEBESExQVFhcYGRobHB0eH+7/wABkAIduTG8='),(46,5,3,'Guest waits','WAIT',0,1,''),(47,6,1,'Guest taps','TAP',1,0,''),(48,6,2,'Guest scans','SCAN',0,1,'ARABV0QAAAAAAAAAAAAAANQARk1SACAyMAAA1AA1CgEAAAEUAZgAxQDFAQAAAAAeQJQA2j8AQJAAzJQAQK8A1o0AQJsBH4AAQMEBJIUAQKkAkaEAQOMBH4gAQPEBJ5MAQIgAZVsAQDoBb0UAQHcA8oQAQJEBDn8AQIcAvqYAQMUA0Y8AQLEBNoEAQJcBTHoAQOAApZcAQF8BWEoAgGoAYAEAgNIATlAAgHMA34YAgJkAyEsAgHABFCkAgGcAtQgAgD8BE40AgCgA54IAgEcBQ6QAgC0BRpsAgOYBaIUAgEEAKgoAAAAAAQIDBAUGBwgJCgsMDQ4PEBESExQVFhcYGRobHB0eH+7/wABkAIduTG8='),(49,6,3,'Guest waits','WAIT',0,1,''),(50,7,1,'Guest taps','TAP',1,0,''),(51,7,2,'Guest scans','SCAN',0,1,'ARABV0QAAAAAAAAAAAAAANQARk1SACAyMAAA1AA1CgEAAAEUAZgAxQDFAQAAAAAeQJQA2j8AQJAAzJQAQK8A1o0AQJsBH4AAQMEBJIUAQKkAkaEAQOMBH4gAQPEBJ5MAQIgAZVsAQDoBb0UAQHcA8oQAQJEBDn8AQIcAvqYAQMUA0Y8AQLEBNoEAQJcBTHoAQOAApZcAQF8BWEoAgGoAYAEAgNIATlAAgHMA34YAgJkAyEsAgHABFCkAgGcAtQgAgD8BE40AgCgA54IAgEcBQ6QAgC0BRpsAgOYBaIUAgEEAKgoAAAAAAQIDBAUGBwgJCgsMDQ4PEBESExQVFhcYGRobHB0eH+7/wABkAIduTG8='),(52,7,3,'Guest waits','WAIT',0,1,''),(53,8,1,'Guest taps','TAP',1,0,''),(54,8,2,'Guest scans','SCAN',0,1,'ARABV0QAAAAAAAAAAAAAANQARk1SACAyMAAA1AA1CgEAAAEUAZgAxQDFAQAAAAAeQJQA2j8AQJAAzJQAQK8A1o0AQJsBH4AAQMEBJIUAQKkAkaEAQOMBH4gAQPEBJ5MAQIgAZVsAQDoBb0UAQHcA8oQAQJEBDn8AQIcAvqYAQMUA0Y8AQLEBNoEAQJcBTHoAQOAApZcAQF8BWEoAgGoAYAEAgNIATlAAgHMA34YAgJkAyEsAgHABFCkAgGcAtQgAgD8BE40AgCgA54IAgEcBQ6QAgC0BRpsAgOYBaIUAgEEAKgoAAAAAAQIDBAUGBwgJCgsMDQ4PEBESExQVFhcYGRobHB0eH+7/wABkAIduTG8='),(55,8,3,'Guest waits','WAIT',0,1,''),(56,9,1,'Guest taps','TAP',1,0,''),(57,9,2,'Guest scans','SCAN',0,1,'ARABV0QAAAAAAAAAAAAAANQARk1SACAyMAAA1AA1CgEAAAEUAZgAxQDFAQAAAAAeQJQA2j8AQJAAzJQAQK8A1o0AQJsBH4AAQMEBJIUAQKkAkaEAQOMBH4gAQPEBJ5MAQIgAZVsAQDoBb0UAQHcA8oQAQJEBDn8AQIcAvqYAQMUA0Y8AQLEBNoEAQJcBTHoAQOAApZcAQF8BWEoAgGoAYAEAgNIATlAAgHMA34YAgJkAyEsAgHABFCkAgGcAtQgAgD8BE40AgCgA54IAgEcBQ6QAgC0BRpsAgOYBaIUAgEEAKgoAAAAAAQIDBAUGBwgJCgsMDQ4PEBESExQVFhcYGRobHB0eH+7/wABkAIduTG8='),(58,9,3,'Guest waits','WAIT',0,1,''),(59,10,1,'Guest taps','TAP',1,0,''),(60,10,2,'Guest scans','SCAN',0,1,'ARABV0QAAAAAAAAAAAAAANQARk1SACAyMAAA1AA1CgEAAAEUAZgAxQDFAQAAAAAeQJQA2j8AQJAAzJQAQK8A1o0AQJsBH4AAQMEBJIUAQKkAkaEAQOMBH4gAQPEBJ5MAQIgAZVsAQDoBb0UAQHcA8oQAQJEBDn8AQIcAvqYAQMUA0Y8AQLEBNoEAQJcBTHoAQOAApZcAQF8BWEoAgGoAYAEAgNIATlAAgHMA34YAgJkAyEsAgHABFCkAgGcAtQgAgD8BE40AgCgA54IAgEcBQ6QAgC0BRpsAgOYBaIUAgEEAKgoAAAAAAQIDBAUGBwgJCgsMDQ4PEBESExQVFhcYGRobHB0eH+7/wABkAIduTG8='),(61,10,3,'Guest waits','WAIT',0,1,'');
/*!40000 ALTER TABLE `PEGuestAction` ENABLE KEYS */;
UNLOCK TABLES;

--
-- Table structure for table `PEGuestTest`
--

DROP TABLE IF EXISTS `PEGuestTest`;
/*!40101 SET @saved_cs_client     = @@character_set_client */;
/*!40101 SET character_set_client = utf8 */;
CREATE TABLE `PEGuestTest` (
  `id` int(11) NOT NULL AUTO_INCREMENT,
  `suiteId` int(11) NOT NULL DEFAULT '0',
  `seq` int(11) NOT NULL DEFAULT '0',
  `name` varchar(64) NOT NULL,
  `bandId` varchar(128) NOT NULL,
  `child` tinyint(4) NOT NULL DEFAULT '0',
  `validBand` tinyint(4) NOT NULL DEFAULT '1',
  `reason` varchar(384) NOT NULL,
  `bioTemplate` varchar(1248) NOT NULL,
  `omniLevel` int(11) NOT NULL DEFAULT '1',
  `finalResult` varchar(32) NOT NULL,
  `desc` varchar(255) NOT NULL,
  PRIMARY KEY (`id`)
) ENGINE=InnoDB AUTO_INCREMENT=11 DEFAULT CHARSET=latin1;
/*!40101 SET character_set_client = @saved_cs_client */;

--
-- Dumping data for table `PEGuestTest`
--

LOCK TABLES `PEGuestTest` WRITE;
/*!40000 ALTER TABLE `PEGuestTest` DISABLE KEYS */;
INSERT INTO `PEGuestTest` VALUES (1,1,1,'R2','008023C002A50904',1,1,'','R2',1,'ENTERED','Orin who is a child taps once and enters.'),(2,1,2,'LUKE','008023C002A50905',0,1,'','LUKE',1,'BLUELANE','Luke is an adult who taps once and has invalid bioscan'),(3,1,3,'HANS','008023C002A50906',0,1,'','HANS',1,'ABANDONED','Hans is an adult who taps and abandons'),(4,1,4,'CHEWY','008023C002A50907',0,1,'','CHEWY',1,'ENTERED','Chewy taps, scans and enters.'),(5,2,1,'RFID?10','10',0,1,'','ARABV0QAAAAAAAAAAAAAANQARk1SACAyMAAA1AA1CgEAAAEUAZgAxQDFAQAAAAAeQJQA2j8AQJAAzJQAQK8A1o0AQJsBH4AAQMEBJIUAQKkAkaEAQOMBH4gAQPEBJ5MAQIgAZVsAQDoBb0UAQHcA8oQAQJEBDn8AQIcAvqYAQMUA0Y8AQLEBNoEAQJcBTHoAQOAApZcAQF8BWEoAgGoAYAEAgNIATlAAgHMA34YAgJkAyEsAgHABFCkAgGcAtQgAgD8BE40AgCgA54IAgEcBQ6QAgC0BRpsAgOYBaIUAgEEAKgoAAAAAAQIDBAUGBwgJCgsMDQ4PEBESExQVFhcYGRobHB0eH+7/wABkAIduTG8=',1,'ENTERED','Test 01 for bandId 10'),(6,2,1,'RFID?20','20',0,1,'','ARABV0QAAAAAAAAAAAAAANQARk1SACAyMAAA1AA1CgEAAAEUAZgAxQDFAQAAAAAeQJQA2j8AQJAAzJQAQK8A1o0AQJsBH4AAQMEBJIUAQKkAkaEAQOMBH4gAQPEBJ5MAQIgAZVsAQDoBb0UAQHcA8oQAQJEBDn8AQIcAvqYAQMUA0Y8AQLEBNoEAQJcBTHoAQOAApZcAQF8BWEoAgGoAYAEAgNIATlAAgHMA34YAgJkAyEsAgHABFCkAgGcAtQgAgD8BE40AgCgA54IAgEcBQ6QAgC0BRpsAgOYBaIUAgEEAKgoAAAAAAQIDBAUGBwgJCgsMDQ4PEBESExQVFhcYGRobHB0eH+7/wABkAIduTG8=',1,'ENTERED','Test 11 for bandId 20'),(7,2,1,'RFID?30','30',0,1,'','ARABV0QAAAAAAAAAAAAAANQARk1SACAyMAAA1AA1CgEAAAEUAZgAxQDFAQAAAAAeQJQA2j8AQJAAzJQAQK8A1o0AQJsBH4AAQMEBJIUAQKkAkaEAQOMBH4gAQPEBJ5MAQIgAZVsAQDoBb0UAQHcA8oQAQJEBDn8AQIcAvqYAQMUA0Y8AQLEBNoEAQJcBTHoAQOAApZcAQF8BWEoAgGoAYAEAgNIATlAAgHMA34YAgJkAyEsAgHABFCkAgGcAtQgAgD8BE40AgCgA54IAgEcBQ6QAgC0BRpsAgOYBaIUAgEEAKgoAAAAAAQIDBAUGBwgJCgsMDQ4PEBESExQVFhcYGRobHB0eH+7/wABkAIduTG8=',1,'ENTERED','Test 21 for bandId 30'),(8,2,1,'RFID?40','40',0,1,'','ARABV0QAAAAAAAAAAAAAANQARk1SACAyMAAA1AA1CgEAAAEUAZgAxQDFAQAAAAAeQJQA2j8AQJAAzJQAQK8A1o0AQJsBH4AAQMEBJIUAQKkAkaEAQOMBH4gAQPEBJ5MAQIgAZVsAQDoBb0UAQHcA8oQAQJEBDn8AQIcAvqYAQMUA0Y8AQLEBNoEAQJcBTHoAQOAApZcAQF8BWEoAgGoAYAEAgNIATlAAgHMA34YAgJkAyEsAgHABFCkAgGcAtQgAgD8BE40AgCgA54IAgEcBQ6QAgC0BRpsAgOYBaIUAgEEAKgoAAAAAAQIDBAUGBwgJCgsMDQ4PEBESExQVFhcYGRobHB0eH+7/wABkAIduTG8=',1,'ENTERED','Test 31 for bandId 40'),(9,2,1,'RFID?50','50',0,1,'','ARABV0QAAAAAAAAAAAAAANQARk1SACAyMAAA1AA1CgEAAAEUAZgAxQDFAQAAAAAeQJQA2j8AQJAAzJQAQK8A1o0AQJsBH4AAQMEBJIUAQKkAkaEAQOMBH4gAQPEBJ5MAQIgAZVsAQDoBb0UAQHcA8oQAQJEBDn8AQIcAvqYAQMUA0Y8AQLEBNoEAQJcBTHoAQOAApZcAQF8BWEoAgGoAYAEAgNIATlAAgHMA34YAgJkAyEsAgHABFCkAgGcAtQgAgD8BE40AgCgA54IAgEcBQ6QAgC0BRpsAgOYBaIUAgEEAKgoAAAAAAQIDBAUGBwgJCgsMDQ4PEBESExQVFhcYGRobHB0eH+7/wABkAIduTG8=',1,'ENTERED','Test 41 for bandId 50'),(10,2,1,'RFID?60','60',0,1,'','ARABV0QAAAAAAAAAAAAAANQARk1SACAyMAAA1AA1CgEAAAEUAZgAxQDFAQAAAAAeQJQA2j8AQJAAzJQAQK8A1o0AQJsBH4AAQMEBJIUAQKkAkaEAQOMBH4gAQPEBJ5MAQIgAZVsAQDoBb0UAQHcA8oQAQJEBDn8AQIcAvqYAQMUA0Y8AQLEBNoEAQJcBTHoAQOAApZcAQF8BWEoAgGoAYAEAgNIATlAAgHMA34YAgJkAyEsAgHABFCkAgGcAtQgAgD8BE40AgCgA54IAgEcBQ6QAgC0BRpsAgOYBaIUAgEEAKgoAAAAAAQIDBAUGBwgJCgsMDQ4PEBESExQVFhcYGRobHB0eH+7/wABkAIduTG8=',1,'ENTERED','Test 51 for bandId 60');
/*!40000 ALTER TABLE `PEGuestTest` ENABLE KEYS */;
UNLOCK TABLES;

--
-- Table structure for table `PEGuestTestSuite`
--

DROP TABLE IF EXISTS `PEGuestTestSuite`;
/*!40101 SET @saved_cs_client     = @@character_set_client */;
/*!40101 SET character_set_client = utf8 */;
CREATE TABLE `PEGuestTestSuite` (
  `id` int(11) NOT NULL AUTO_INCREMENT,
  `name` varchar(255) NOT NULL,
  PRIMARY KEY (`id`)
) ENGINE=InnoDB AUTO_INCREMENT=3 DEFAULT CHARSET=latin1;
/*!40101 SET character_set_client = @saved_cs_client */;

--
-- Dumping data for table `PEGuestTestSuite`
--

LOCK TABLES `PEGuestTestSuite` WRITE;
/*!40000 ALTER TABLE `PEGuestTestSuite` DISABLE KEYS */;
INSERT INTO `PEGuestTestSuite` VALUES (1,'Internal test intended for simulated Omni server'),(2,'Tap and Scan');
/*!40000 ALTER TABLE `PEGuestTestSuite` ENABLE KEYS */;
UNLOCK TABLES;

--
-- Table structure for table `TestResults`
--

DROP TABLE IF EXISTS `TestResults`;
/*!40101 SET @saved_cs_client     = @@character_set_client */;
/*!40101 SET character_set_client = utf8 */;
CREATE TABLE `TestResults` (
  `id` bigint(20) NOT NULL AUTO_INCREMENT,
  `suiteId` int(11) NOT NULL DEFAULT '0',
  `suiteStartTime` datetime NOT NULL,
  `guestId` int(11) NOT NULL DEFAULT '0',
  `bandId` varchar(32) NOT NULL,
  `readerName` varchar(32) NOT NULL,
  `endTime` timestamp NOT NULL DEFAULT CURRENT_TIMESTAMP,
  `expectedResult` varchar(32) NOT NULL,
  `actualResult` varchar(32) NOT NULL,
  `testResult` tinyint(1) NOT NULL DEFAULT '0',
  PRIMARY KEY (`id`)
) ENGINE=MyISAM AUTO_INCREMENT=549 DEFAULT CHARSET=latin1;
/*!40101 SET character_set_client = @saved_cs_client */;

--
-- Dumping data for table `TestResults`
--

LOCK TABLES `TestResults` WRITE;
/*!40000 ALTER TABLE `TestResults` DISABLE KEYS */;
INSERT INTO `TestResults` VALUES (441,1,'2012-05-31 18:32:22',1,'008023C002A50904','entry-1','2012-06-01 01:32:35','ENTERED','ENTERED',1),(442,1,'2012-05-31 18:32:22',4,'008023C002A50907','entry-4','2012-06-01 01:32:40','ENTERED','ENTERED',1),(443,1,'2012-05-31 18:32:22',2,'008023C002A50905','entry-2','2012-06-01 01:32:43','BLUELANE','BLUELANE',1),(444,1,'2012-05-31 18:32:22',3,'008023C002A50906','entry-3','2012-06-01 01:34:26','ABANDONED','ABANDONED',1),(445,1,'2012-05-31 18:34:26',1,'008023C002A50904','entry-1','2012-06-01 01:34:39','ENTERED','ENTERED',1),(446,1,'2012-05-31 18:34:26',3,'008023C002A50906','entry-3','2012-06-01 01:34:39','ABANDONED','ABANDONED',1),(447,1,'2012-05-31 18:34:26',4,'008023C002A50907','entry-4','2012-06-01 01:34:43','ENTERED','ENTERED',1),(448,1,'2012-05-31 18:34:26',2,'008023C002A50905','entry-2','2012-06-01 01:34:51','BLUELANE','BLUELANE',1),(449,1,'2012-05-31 18:36:33',1,'008023C002A50904','entry-1','2012-06-01 01:36:46','ENTERED','ENTERED',1),(450,1,'2012-05-31 18:36:33',4,'008023C002A50907','entry-4','2012-06-01 01:36:50','ENTERED','ENTERED',1),(451,1,'2012-05-31 18:36:33',3,'008023C002A50906','entry-2','2012-06-01 01:36:51','ABANDONED','ABANDONED',1),(452,1,'2012-05-31 18:36:33',2,'008023C002A50905','entry-3','2012-06-01 01:36:58','BLUELANE','BLUELANE',1),(453,1,'2012-05-31 18:53:11',1,'008023C002A50904','entry-1','2012-06-01 01:53:24','ENTERED','ENTERED',1),(454,1,'2012-05-31 18:53:11',4,'008023C002A50907','entry-4','2012-06-01 01:53:29','ENTERED','ENTERED',1),(455,1,'2012-05-31 18:53:11',3,'008023C002A50906','entry-3','2012-06-01 01:53:29','ABANDONED','ABANDONED',1),(456,1,'2012-05-31 18:53:11',2,'008023C002A50905','entry-2','2012-06-01 01:53:36','BLUELANE','BLUELANE',1),(457,1,'2012-05-31 18:54:40',1,'008023C002A50904','entry-1','2012-06-01 01:54:53','ENTERED','ENTERED',1),(458,1,'2012-05-31 18:54:40',4,'008023C002A50907','entry-4','2012-06-01 01:54:58','ENTERED','ENTERED',1),(459,1,'2012-05-31 18:54:40',3,'008023C002A50906','entry-3','2012-06-01 01:54:58','ABANDONED','ABANDONED',1),(460,1,'2012-05-31 18:54:40',2,'008023C002A50905','entry-2','2012-06-01 01:55:05','BLUELANE','BLUELANE',1),(461,1,'2012-05-31 18:58:57',1,'008023C002A50904','entry-1','2012-06-01 01:59:10','ENTERED','ENTERED',1),(462,1,'2012-05-31 18:58:57',4,'008023C002A50907','entry-4','2012-06-01 01:59:15','ENTERED','ENTERED',1),(463,1,'2012-05-31 18:58:57',3,'008023C002A50906','entry-3','2012-06-01 01:59:15','ABANDONED','ABANDONED',1),(464,1,'2012-05-31 18:58:57',2,'008023C002A50905','entry-2','2012-06-01 01:59:22','BLUELANE','BLUELANE',1),(465,1,'2012-05-31 18:59:23',1,'008023C002A50904','entry-1','2012-06-01 01:59:36','ENTERED','ENTERED',1),(466,1,'2012-05-31 18:59:23',4,'008023C002A50907','entry-4','2012-06-01 01:59:40','ENTERED','ENTERED',1),(467,1,'2012-05-31 18:59:23',3,'008023C002A50906','entry-3','2012-06-01 01:59:41','ABANDONED','BLUELANE',0),(468,1,'2012-05-31 18:59:23',2,'008023C002A50905','entry-2','2012-06-01 01:59:48','BLUELANE','BLUELANE',1),(469,1,'2012-05-31 18:59:48',1,'008023C002A50904','entry-1','2012-06-01 02:00:01','ENTERED','ENTERED',1),(470,1,'2012-05-31 18:59:48',4,'008023C002A50907','entry-4','2012-06-01 02:00:05','ENTERED','ENTERED',1),(471,1,'2012-05-31 18:59:48',3,'008023C002A50906','entry-3','2012-06-01 02:00:06','ABANDONED','ABANDONED',1),(472,1,'2012-05-31 18:59:48',2,'008023C002A50905','entry-2','2012-06-01 02:00:13','BLUELANE','BLUELANE',1),(473,1,'2012-05-31 19:00:14',1,'008023C002A50904','entry-1','2012-06-01 02:00:27','ENTERED','ENTERED',1),(474,1,'2012-05-31 19:00:14',3,'008023C002A50906','entry-3','2012-06-01 02:00:31','ABANDONED','BLUELANE',0),(475,1,'2012-05-31 19:00:14',4,'008023C002A50907','entry-4','2012-06-01 02:00:31','ENTERED','ENTERED',1),(476,1,'2012-05-31 19:00:14',2,'008023C002A50905','entry-2','2012-06-01 02:00:38','BLUELANE','BLUELANE',1),(477,1,'2012-05-31 19:06:17',1,'008023C002A50904','entry-1','2012-06-01 02:06:30','ENTERED','ENTERED',1),(478,1,'2012-05-31 19:06:17',4,'008023C002A50907','entry-4','2012-06-01 02:06:34','ENTERED','ENTERED',1),(479,1,'2012-05-31 19:06:17',3,'008023C002A50906','entry-3','2012-06-01 02:06:35','ABANDONED','ABANDONED',1),(480,1,'2012-05-31 19:06:17',2,'008023C002A50905','entry-2','2012-06-01 02:06:42','BLUELANE','BLUELANE',1),(481,1,'2012-05-31 19:07:16',1,'008023C002A50904','entry-1','2012-06-01 02:07:28','ENTERED','ENTERED',1),(482,1,'2012-05-31 19:07:16',3,'008023C002A50906','entry-2','2012-06-01 02:07:33','ABANDONED','ABANDONED',1),(483,1,'2012-05-31 19:07:16',4,'008023C002A50907','entry-4','2012-06-01 02:07:33','ENTERED','ENTERED',1),(484,1,'2012-05-31 19:07:16',2,'008023C002A50905','entry-3','2012-06-01 02:07:41','BLUELANE','BLUELANE',1),(485,1,'2012-05-31 19:08:03',1,'008023C002A50904','entry-1','2012-06-01 02:08:07','ENTERED','ABANDONED',0),(486,1,'2012-05-31 19:08:03',3,'008023C002A50906','entry-2','2012-06-01 02:08:07','ABANDONED','ABANDONED',1),(487,1,'2012-05-31 19:08:03',2,'008023C002A50905','entry-3','2012-06-01 02:08:07','BLUELANE','ABANDONED',0),(488,1,'2012-05-31 19:08:03',4,'008023C002A50907','entry-4','2012-06-01 02:08:07','ENTERED','ABANDONED',0),(489,1,'2012-06-04 15:45:10',1,'008023C002A50904','entry-1','2012-06-04 22:45:24','ENTERED','ENTERED',1),(490,1,'2012-06-04 15:45:10',3,'008023C002A50906','entry-3','2012-06-04 22:45:25','ABANDONED','ABANDONED',1),(491,1,'2012-06-04 15:45:10',4,'008023C002A50907','entry-4','2012-06-04 22:45:28','ENTERED','ENTERED',1),(492,1,'2012-06-04 15:45:10',2,'008023C002A50905','entry-2','2012-06-04 22:45:41','BLUELANE','ABANDONED',0),(493,1,'2012-06-04 15:51:55',1,'008023C002A50904','entry-1','2012-06-04 22:52:08','ENTERED','ENTERED',1),(494,1,'2012-06-04 15:51:55',3,'008023C002A50906','entry-3','2012-06-04 22:52:08','ABANDONED','ABANDONED',1),(495,1,'2012-06-04 15:51:55',4,'008023C002A50907','entry-4','2012-06-04 22:52:12','ENTERED','ENTERED',1),(496,1,'2012-06-04 15:51:55',2,'008023C002A50905','entry-2','2012-06-04 22:53:19','BLUELANE','ABANDONED',0),(497,1,'2012-06-04 15:54:59',1,'008023C002A50904','entry-1','2012-06-04 22:55:12','ENTERED','ENTERED',1),(498,1,'2012-06-04 15:54:59',3,'008023C002A50906','entry-3','2012-06-04 22:55:13','ABANDONED','ABANDONED',1),(499,1,'2012-06-04 15:54:59',4,'008023C002A50907','entry-4','2012-06-04 22:55:17','ENTERED','ENTERED',1),(500,1,'2012-06-04 15:54:59',2,'008023C002A50905','entry-2','2012-06-04 22:55:41','BLUELANE','ABANDONED',0),(501,1,'2012-06-04 15:56:32',1,'008023C002A50904','entry-1','2012-06-04 22:56:46','ENTERED','ENTERED',1),(502,1,'2012-06-04 15:56:32',3,'008023C002A50906','entry-3','2012-06-04 22:56:46','ABANDONED','ABANDONED',1),(503,1,'2012-06-04 15:56:32',4,'008023C002A50907','entry-4','2012-06-04 22:56:50','ENTERED','ENTERED',1),(504,1,'2012-06-04 15:56:32',2,'008023C002A50905','entry-2','2012-06-04 22:57:11','BLUELANE','ABANDONED',0),(505,1,'2012-06-04 16:38:54',1,'008023C002A50904','entry-1','2012-06-04 23:39:07','ENTERED','ENTERED',1),(506,1,'2012-06-04 16:38:54',3,'008023C002A50906','entry-3','2012-06-04 23:39:08','ABANDONED','ABANDONED',1),(507,1,'2012-06-04 16:38:54',4,'008023C002A50907','entry-4','2012-06-04 23:39:12','ENTERED','ENTERED',1),(508,1,'2012-06-04 16:38:54',2,'008023C002A50905','entry-2','2012-06-04 23:39:32','BLUELANE','ABANDONED',0),(509,1,'2012-06-04 16:43:38',1,'008023C002A50904','entry-1','2012-06-04 23:43:51','ENTERED','ENTERED',1),(510,1,'2012-06-04 16:43:38',4,'008023C002A50907','entry-4','2012-06-04 23:43:55','ENTERED','ENTERED',1),(511,1,'2012-06-04 16:43:38',3,'008023C002A50906','entry-3','2012-06-04 23:43:56','ABANDONED','ABANDONED',1),(512,1,'2012-06-04 16:43:38',2,'008023C002A50905','entry-2','2012-06-04 23:46:55','BLUELANE','ABANDONED',0),(513,1,'2012-06-04 16:48:33',1,'008023C002A50904','entry-1','2012-06-04 23:48:46','ENTERED','ENTERED',1),(514,1,'2012-06-04 16:48:33',3,'008023C002A50906','entry-3','2012-06-04 23:49:07','ABANDONED','ABANDONED',1),(515,1,'2012-06-04 16:48:33',4,'008023C002A50907','entry-4','2012-06-04 23:49:09','ENTERED','ENTERED',1),(516,1,'2012-06-04 16:48:33',2,'008023C002A50905','entry-2','2012-06-04 23:51:48','BLUELANE','ABANDONED',0),(517,1,'2012-06-04 16:51:57',1,'008023C002A50904','entry-1','2012-06-04 23:52:10','ENTERED','ENTERED',1),(518,1,'2012-06-04 16:51:57',3,'008023C002A50906','entry-3','2012-06-04 23:52:11','ABANDONED','ABANDONED',1),(519,1,'2012-06-04 16:51:57',4,'008023C002A50907','entry-4','2012-06-04 23:52:25','ENTERED','ENTERED',1),(520,1,'2012-06-04 16:51:57',2,'008023C002A50905','entry-2','2012-06-04 23:52:40','BLUELANE','BLUELANE',1),(521,1,'2012-06-04 16:54:59',1,'008023C002A50904','entry-1','2012-06-04 23:55:12','ENTERED','ENTERED',1),(522,1,'2012-06-04 16:54:59',3,'008023C002A50906','entry-3','2012-06-04 23:55:12','ABANDONED','ABANDONED',1),(523,1,'2012-06-04 16:54:59',4,'008023C002A50907','entry-4','2012-06-04 23:55:16','ENTERED','ENTERED',1),(524,1,'2012-06-04 16:54:59',2,'008023C002A50905','entry-2','2012-06-04 23:55:20','BLUELANE','BLUELANE',1),(525,1,'2012-06-04 16:58:20',1,'008023C002A50904','entry-1','2012-06-04 23:58:33','ENTERED','ENTERED',1),(526,1,'2012-06-04 16:58:20',4,'008023C002A50907','entry-4','2012-06-04 23:58:37','ENTERED','ENTERED',1),(527,1,'2012-06-04 16:58:20',3,'008023C002A50906','entry-3','2012-06-04 23:58:37','ABANDONED','ABANDONED',1),(528,1,'2012-06-04 16:58:20',2,'008023C002A50905','entry-2','2012-06-04 23:58:45','BLUELANE','BLUELANE',1),(529,1,'2012-06-04 17:01:14',1,'008023C002A50904','entry-1','2012-06-05 00:01:27','ENTERED','ENTERED',1),(530,1,'2012-06-04 17:01:14',3,'008023C002A50906','entry-3','2012-06-05 00:01:28','ABANDONED','ABANDONED',1),(531,1,'2012-06-04 17:01:14',4,'008023C002A50907','entry-4','2012-06-05 00:01:31','ENTERED','ENTERED',1),(532,1,'2012-06-04 17:01:14',2,'008023C002A50905','entry-2','2012-06-05 00:01:35','BLUELANE','BLUELANE',1),(533,2,'2012-06-04 17:16:56',5,'10','entry-1','2012-06-05 00:17:08','ENTERED','ENTERED',1),(534,2,'2012-06-04 17:16:56',6,'20','entry-2','2012-06-05 00:17:08','ENTERED','ENTERED',1),(535,2,'2012-06-04 17:16:56',7,'30','entry-3','2012-06-05 00:17:08','ENTERED','ENTERED',1),(536,2,'2012-06-04 17:16:56',8,'40','entry-4','2012-06-05 00:17:08','ENTERED','ENTERED',1),(537,2,'2012-06-04 17:16:56',9,'50','entry-1','2012-06-05 00:17:21','ENTERED','ENTERED',1),(538,2,'2012-06-04 17:16:56',10,'60','entry-2','2012-06-05 00:17:21','ENTERED','ENTERED',1),(539,1,'2012-06-04 17:19:12',1,'008023C002A50904','entry-1','2012-06-05 00:19:25','ENTERED','ENTERED',1),(540,1,'2012-06-04 17:19:12',3,'008023C002A50906','entry-3','2012-06-05 00:19:25','ABANDONED','ABANDONED',1),(541,1,'2012-06-04 17:19:12',4,'008023C002A50907','entry-4','2012-06-05 00:19:29','ENTERED','ENTERED',1),(542,1,'2012-06-04 17:19:12',2,'008023C002A50905','entry-2','2012-06-05 00:19:33','BLUELANE','BLUELANE',1),(543,2,'2012-06-04 17:53:49',5,'10','entry-1','2012-06-05 00:54:01','ENTERED','ENTERED',1),(544,2,'2012-06-04 17:53:49',8,'40','entry-4','2012-06-05 00:54:01','ENTERED','ENTERED',1),(545,2,'2012-06-04 17:53:49',6,'20','entry-2','2012-06-05 00:54:05','ENTERED','ENTERED',1),(546,2,'2012-06-04 17:53:49',7,'30','entry-3','2012-06-05 00:54:05','ENTERED','ENTERED',1),(547,2,'2012-06-04 17:53:49',9,'50','entry-1','2012-06-05 00:54:13','ENTERED','ENTERED',1),(548,2,'2012-06-04 17:53:49',10,'60','entry-4','2012-06-05 00:54:13','ENTERED','ENTERED',1);
/*!40000 ALTER TABLE `TestResults` ENABLE KEYS */;
UNLOCK TABLES;

--
-- Dumping routines for database 'Mayhem'
--
/*!50003 DROP PROCEDURE IF EXISTS `create_readers` */;
/*!50003 SET @saved_cs_client      = @@character_set_client */ ;
/*!50003 SET @saved_cs_results     = @@character_set_results */ ;
/*!50003 SET @saved_col_connection = @@collation_connection */ ;
/*!50003 SET character_set_client  = utf8 */ ;
/*!50003 SET character_set_results = utf8 */ ;
/*!50003 SET collation_connection  = utf8_general_ci */ ;
/*!50003 SET @saved_sql_mode       = @@sql_mode */ ;
/*!50003 SET sql_mode              = '' */ ;
DELIMITER ;;
/*!50003 CREATE*/ /*!50020 DEFINER=`root`@`localhost`*/ /*!50003 PROCEDURE `create_readers`(nCount INT)
BEGIN
    DECLARE i INT DEFAULT 1;
    DECLARE readerid VARCHAR(32);
    SET i = 1;
    WHILE i <= nCount DO
        SET readerid = concat("reader-", i);
        insert into Reader(type,readerId, positionX, positionY,macAddress,ipAddress,port,locationId,lane,deviceId,version,minXbrcVersion) values
                (2, readerid, 60 + (i div 10) * 10, (i MOD 6) * 3, i, "127.0.0.1", 8080, 1, i, i, "0.0.0.0", "1.0.0.0");
        SET i = i + 1;
    END WHILE;
END */;;
DELIMITER ;
/*!50003 SET sql_mode              = @saved_sql_mode */ ;
/*!50003 SET character_set_client  = @saved_cs_client */ ;
/*!50003 SET character_set_results = @saved_cs_results */ ;
/*!50003 SET collation_connection  = @saved_col_connection */ ;
/*!40103 SET TIME_ZONE=@OLD_TIME_ZONE */;

/*!40101 SET SQL_MODE=@OLD_SQL_MODE */;
/*!40014 SET FOREIGN_KEY_CHECKS=@OLD_FOREIGN_KEY_CHECKS */;
/*!40014 SET UNIQUE_CHECKS=@OLD_UNIQUE_CHECKS */;
/*!40101 SET CHARACTER_SET_CLIENT=@OLD_CHARACTER_SET_CLIENT */;
/*!40101 SET CHARACTER_SET_RESULTS=@OLD_CHARACTER_SET_RESULTS */;
/*!40101 SET COLLATION_CONNECTION=@OLD_COLLATION_CONNECTION */;
/*!40111 SET SQL_NOTES=@OLD_SQL_NOTES */;

-- Dump completed on 2012-06-04 18:04:47
