-- MySQL dump 10.13  Distrib 5.1.54, for debian-linux-gnu (i686)
--
-- Host: localhost    Database: Mayhem
-- ------------------------------------------------------
-- Server version	5.1.54-1ubuntu4

/*!40101 SET @OLD_CHARACTER_SET_CLIENT=@@CHARACTER_SET_CLIENT */;
/*!40101 SET @OLD_CHARACTER_SET_RESULTS=@@CHARACTER_SET_RESULTS */;
/*!40101 SET @OLD_COLLATION_CONNECTION=@@COLLATION_CONNECTION */;
/*!40101 SET NAMES utf8 */;
/*!40103 SET @OLD_TIME_ZONE=@@TIME_ZONE */;
/*!40103 SET TIME_ZONE='+00:00' */;
/*!40014 SET @OLD_UNIQUE_CHECKS=@@UNIQUE_CHECKS, UNIQUE_CHECKS=0 */;
/*!40014 SET @OLD_FOREIGN_KEY_CHECKS=@@FOREIGN_KEY_CHECKS, FOREIGN_KEY_CHECKS=0 */;
/*!40101 SET @OLD_SQL_MODE=@@SQL_MODE, SQL_MODE='NO_AUTO_VALUE_ON_ZERO' */;
/*!40111 SET @OLD_SQL_NOTES=@@SQL_NOTES, SQL_NOTES=0 */;

--
-- Table structure for table `Config`
--

DROP TABLE IF EXISTS `Config`;
/*!40101 SET @saved_cs_client     = @@character_set_client */;
/*!40101 SET character_set_client = utf8 */;
CREATE TABLE `Config` (
  `class` varchar(64) NOT NULL,
  `property` varchar(32) NOT NULL,
  `value` varchar(1024) NOT NULL,
  PRIMARY KEY (`class`,`property`)
) ENGINE=InnoDB DEFAULT CHARSET=latin1 COMMENT='Scalar configuration parameters for controller';
/*!40101 SET character_set_client = @saved_cs_client */;

--
-- Dumping data for table `Config`
--

LOCK TABLES `Config` WRITE;
/*!40000 ALTER TABLE `Config` DISABLE KEYS */;
INSERT INTO `Config` VALUES ('AttractionModelConfig','abandonmenttimeout','3600'),('AttractionModelConfig','bluelightduration','0'),('AttractionModelConfig','bluelightevent','entry_exception'),('AttractionModelConfig','deferentrymessages','true'),('AttractionModelConfig','errorlightduration','2000'),('AttractionModelConfig','errorlightevent','blue'),('AttractionModelConfig','exitstatetimeout','120'),('AttractionModelConfig','greenlightduration','2500'),('AttractionModelConfig','greenlightevent','entry_success'),('AttractionModelConfig','gstsaveperiod','1000'),('AttractionModelConfig','gxpurl','#'),('AttractionModelConfig','loadtype','trailing'),('AttractionModelConfig','metricsperiod','600'),('AttractionModelConfig','onridetimeout','2'),('ControllerInfo','adjusteventtimes','true'),('ControllerInfo','bioimagecapure','false'),('ControllerInfo','dateformat','yyyy-MM-dd HH:mm:ss z'),('ControllerInfo','discoverynetprefix',''),('ControllerInfo','eventdumpfile','/var/log/xbrc/eventdump.txt'),('ControllerInfo','eventprocessingperiod_msec','200'),('ControllerInfo','httpport','8080'),('ControllerInfo','httpsport','0'),('ControllerInfo','idmscachetime_sec','1800'),('ControllerInfo','jmsretryperiod','1000'),('ControllerInfo','maxreadsbeforepurge','8'),('ControllerInfo','messagestorageperiod','3600'),('ControllerInfo','model','com.disney.xband.xbrc.attractionmodel.CEP'),('ControllerInfo','name','xBRC'),('ControllerInfo','ownipprefix','192.'),('ControllerInfo','perfmetricsperiod','300'),('ControllerInfo','preferredguestidtype',''),('ControllerInfo','readerdatasendperiod_msec','100'),('ControllerInfo','readerhellotimeoutsec','90'),('ControllerInfo','readerhttptimeout_msec','3000'),('ControllerInfo','reducedataslicing','true'),('ControllerInfo','reversetapids','false'),('ControllerInfo','rfidtestmode','false'),('ControllerInfo','securetapid','false'),('ControllerInfo','setreadertime','true'),('ControllerInfo','singulationalgorithm','max'),('ControllerInfo','snmp_enabled','false'),('ControllerInfo','statesaveperiod_sec','1000'),('ControllerInfo','transmitxbrperiod_msec','100'),('ControllerInfo','updatestreamhttptimeout_msec','3000'),('ControllerInfo','updatestreamurl',''),('ControllerInfo','venue','xBRC'),('ControllerInfo','verbose','false'),('ControllerInfo','watchedbandtimeout','180'),('ControllerInfo','wwwdir','/usr/share/xbrc/www'),('ControllerInfo','xviewurl','http://localhost:8090/Xview'),('ESBInfo','jmsbroker','#'),('ESBInfo','jmsdiscoverytimesec','60'),('ESBInfo','jmspassword',''),('ESBInfo','jmstopic',''),('ESBInfo','jmsuser',''),('ServiceLocator','service_implementor_suffix','Imp'),('SNMPConfig','agentdispatcherpool','10'),('SNMPConfig','agentlistenport','8161'),('SNMPConfig','community','mayhem'),('SNMPConfig','context','public'),('SNMPConfig','dateformat','yyyy-MM-dd HH:mm:ss z'),('SNMPConfig','getretries','0'),('SNMPConfig','gettimeout','50000'),('SNMPConfig','managerdispatcherpool','10'),('SNMPConfig','maxoids','2000'),('SNMPConfig','readerhttpconntimeout','1000'),('SNMPConfig','trapaddress','0.0.0.0/162'),('UIAttractionViewConfig','gridheight','10'),('UIAttractionViewConfig','gridsize','50'),('UIAttractionViewConfig','gridwidth','20'),('UIAttractionViewConfig','guesticonheight','24'),('UIAttractionViewConfig','guesticonspacing','10'),('UIAttractionViewConfig','guesticonstagger','4'),('UIAttractionViewConfig','guesticonwidth','24'),('UIAttractionViewConfig','maxguestspericon','5'),('UIAttractionViewConfig','maxiconspergriditem','3'),('UIConfig','attractionviewimagefilename',''),('UIConfig','controllerurl','http://localhost:8080'),('UIConfig','guestxviewcachetimesec','1800'),('UIConfig','showsubwaymap','true'),('UIConfig','xviewurl','http://localhost:8090/Xview');
/*!40000 ALTER TABLE `Config` ENABLE KEYS */;
UNLOCK TABLES;

--
-- Table structure for table `GST`
--

DROP TABLE IF EXISTS `GST`;
/*!40101 SET @saved_cs_client     = @@character_set_client */;
/*!40101 SET character_set_client = utf8 */;
CREATE TABLE `GST` (
  `GuestId` varchar(32) NOT NULL,
  `HasXPass` tinyint(1) NOT NULL,
  `State` varchar(16) NOT NULL,
  `LastReader` varchar(32) NOT NULL,
  `TimeEarliestAtReader` bigint(20) NOT NULL,
  `TimeLatestAtReader` bigint(20) NOT NULL,
  `TimeEntered` bigint(20) NOT NULL,
  `TimeMerged` bigint(20) NOT NULL,
  `TimeLoaded` bigint(20) NOT NULL,
  `TimeExited` bigint(20) NOT NULL,
  `CarID` varchar(64) NOT NULL,
  `HasDeferredEntry` tinyint(1) NOT NULL,
  PRIMARY KEY (`GuestId`)
) ENGINE=InnoDB DEFAULT CHARSET=latin1 COMMENT='Snapshot of guest status table used in Controller';
/*!40101 SET character_set_client = @saved_cs_client */;

--
-- Dumping data for table `GST`
--

LOCK TABLES `GST` WRITE;
/*!40000 ALTER TABLE `GST` DISABLE KEYS */;
/*!40000 ALTER TABLE `GST` ENABLE KEYS */;
UNLOCK TABLES;

--
-- Table structure for table `GridItem`
--

DROP TABLE IF EXISTS `GridItem`;
/*!40101 SET @saved_cs_client     = @@character_set_client */;
/*!40101 SET character_set_client = utf8 */;
CREATE TABLE `GridItem` (
  `id` int(11) NOT NULL AUTO_INCREMENT,
  `ItemType` varchar(32) NOT NULL,
  `XGrid` int(11) NOT NULL,
  `YGrid` int(11) NOT NULL,
  `State` varchar(16) NOT NULL,
  `Label` varchar(256) NOT NULL,
  `Description` varchar(512) NOT NULL,
  `Image` varchar(256) DEFAULT NULL,
  `Sequence` int(11) NOT NULL DEFAULT '0',
  `XPassOnly` tinyint(4) NOT NULL,
  `LocationId` int(11) DEFAULT NULL,
  PRIMARY KEY (`id`) USING BTREE
) ENGINE=InnoDB AUTO_INCREMENT=34 DEFAULT CHARSET=latin1 COMMENT='Items that together make up the flow chart of the attraction';
/*!40101 SET character_set_client = @saved_cs_client */;

--
-- Dumping data for table `GridItem`
--

LOCK TABLES `GridItem` WRITE;
/*!40000 ALTER TABLE `GridItem` DISABLE KEYS */;
INSERT INTO `GridItem` VALUES (1,'Gate',1,5,'HASENTERED','Entry','Entry for non-XPass guests','',0,2,0),(2,'HPath',2,5,'HASENTERED','','Guests have entered the attraction','',1,2,0),(3,'HPath',3,5,'HASENTERED','','Guests have entered the attraction','',2,2,NULL),(4,'Gate',6,3,'HASMERGED','Merge','Merge point','',0,1,0),(5,'Gate',4,3,'HASENTERED','XPass Entry','Entry for XPass guests','GateGreen.png',0,1,0),(6,'HPath',5,3,'HASENTERED','','XPass guests have entered the attraction','',1,1,0),(11,'Gate',7,5,'HASMERGED','Queue','Queue waypoint','GateRed.png',0,0,0),(12,'TWest',8,5,'LOADING','','Guests have passed the Queue2 waypoint','',0,0,NULL),(13,'ESTurn',8,4,'LOADING','','Guests have passed the Queue2 waypoint','',1,0,NULL),(14,'ENTurn',8,6,'LOADING','','Guests have passed the Queue2 waypoint','',2,0,NULL),(15,'Gate',10,4,'','Load One','Loading point one','GateYellow.png',0,0,7),(16,'Gate',10,6,'','Load Two','Loading point two','GateYellow.png',0,0,8),(17,'WSTurn',11,4,'RIDING','','Guests are riding','',1,0,0),(18,'WNTurn',11,6,'RIDING','','Guests are riding','',2,0,0),(19,'TEast',11,5,'RIDING','','Guests are riding','',3,0,0),(20,'HPath',12,5,'RIDING','','Guests are riding','',4,0,0),(21,'Gate',13,5,'EXITED','Exit','Attraction exit','',0,0,0),(22,'HPath',14,5,'EXITED','','Guests left the attaction','',1,0,0),(24,'HPath',9,4,'LOADING','','Guests are loading at Load One','',3,0,NULL),(25,'HPath',9,6,'LOADING','','Guests are loading at Load Two','',4,0,NULL),(26,'VPath',6,4,'HASMERGED','','XPass guests passed the Merge point','',1,1,0),(27,'Gate',4,5,'HASMERGED','LRR  Merge','','Gate.png',1,2,0),(28,'HPath',5,5,'HASMERGED','','','',1,2,0),(29,'TNorth',6,5,'INDETERMINATE','','','',0,0,NULL);
/*!40000 ALTER TABLE `GridItem` ENABLE KEYS */;
UNLOCK TABLES;

--
-- Table structure for table `GuestPosition`
--

DROP TABLE IF EXISTS `GuestPosition`;
/*!40101 SET @saved_cs_client     = @@character_set_client */;
/*!40101 SET character_set_client = utf8 */;
CREATE TABLE `GuestPosition` (
  `BandID` varchar(32) DEFAULT NULL,
  `x` double NOT NULL,
  `y` double NOT NULL,
  `HasxPass` tinyint(1) DEFAULT NULL
) ENGINE=InnoDB DEFAULT CHARSET=latin1 COMMENT='Simulated or inferred guest location';
/*!40101 SET character_set_client = @saved_cs_client */;

--
-- Dumping data for table `GuestPosition`
--

LOCK TABLES `GuestPosition` WRITE;
/*!40000 ALTER TABLE `GuestPosition` DISABLE KEYS */;
/*!40000 ALTER TABLE `GuestPosition` ENABLE KEYS */;
UNLOCK TABLES;

--
-- Table structure for table `Image`
--

DROP TABLE IF EXISTS `Image`;
/*!40101 SET @saved_cs_client     = @@character_set_client */;
/*!40101 SET character_set_client = utf8 */;
CREATE TABLE `Image` (
  `id` bigint(20) NOT NULL AUTO_INCREMENT,
  `description` varchar(255) DEFAULT NULL,
  `filename` varchar(255) DEFAULT NULL,
  `height` int(11) DEFAULT NULL,
  `title` varchar(255) DEFAULT NULL,
  `width` int(11) DEFAULT NULL,
  PRIMARY KEY (`id`),
  UNIQUE KEY `filename` (`filename`)
) ENGINE=InnoDB AUTO_INCREMENT=11 DEFAULT CHARSET=latin1;
/*!40101 SET character_set_client = @saved_cs_client */;

--
-- Dumping data for table `Image`
--

LOCK TABLES `Image` WRITE;
/*!40000 ALTER TABLE `Image` DISABLE KEYS */;
/*!40000 ALTER TABLE `Image` ENABLE KEYS */;
UNLOCK TABLES;

--
-- Table structure for table `ImageBlob`
--

DROP TABLE IF EXISTS `ImageBlob`;
/*!40101 SET @saved_cs_client     = @@character_set_client */;
/*!40101 SET character_set_client = utf8 */;
CREATE TABLE `ImageBlob` (
  `imageId` bigint(20) NOT NULL,
  `bytes` mediumblob NOT NULL,
  PRIMARY KEY (`imageId`) USING BTREE,
  CONSTRAINT `image_fk` FOREIGN KEY (`imageId`) REFERENCES `Image` (`id`)
) ENGINE=InnoDB DEFAULT CHARSET=latin1;
/*!40101 SET character_set_client = @saved_cs_client */;

--
-- Dumping data for table `ImageBlob`
--

LOCK TABLES `ImageBlob` WRITE;
/*!40000 ALTER TABLE `ImageBlob` DISABLE KEYS */;
/*!40000 ALTER TABLE `ImageBlob` ENABLE KEYS */;
UNLOCK TABLES;

--
-- Table structure for table `KnownBandIDs`
--

DROP TABLE IF EXISTS `KnownBandIDs`;
/*!40101 SET @saved_cs_client     = @@character_set_client */;
/*!40101 SET character_set_client = utf8 */;
CREATE TABLE `KnownBandIDs` (
  `id` bigint(20) NOT NULL AUTO_INCREMENT,
  `BandID` varchar(16) NOT NULL,
  `IsTap` tinyint(1) NOT NULL DEFAULT '0',
  `BandType` varchar(16) NOT NULL DEFAULT 'CAR' COMMENT 'Allowed values are ''CAR'' and ''CAST''',
  `AssociatedData` varchar(256) NOT NULL,
  PRIMARY KEY (`id`)
) ENGINE=MyISAM AUTO_INCREMENT=11 DEFAULT CHARSET=latin1;
/*!40101 SET character_set_client = @saved_cs_client */;

--
-- Dumping data for table `KnownBandIDs`
--

LOCK TABLES `KnownBandIDs` WRITE;
/*!40000 ALTER TABLE `KnownBandIDs` DISABLE KEYS */;
INSERT INTO `KnownBandIDs` VALUES (1,'5555555555550002',0,'CAR','Car2'),(2,'5555555555550001',0,'CAR','Car1'),(3,'5555555555550000',0,'CAR','Car0'),(4,'5555555555550003',0,'CAR','Car3'),(5,'5555555555550007',0,'CAR','Car7'),(6,'5555555555550006',0,'CAR','Car6'),(7,'5555555555550005',0,'CAR','Car5'),(8,'5555555555550004',0,'CAR','Car4'),(9,'5555555555550008',0,'CAR','Car8'),(10,'5555555555550009',0,'CAR','Car9');
/*!40000 ALTER TABLE `KnownBandIDs` ENABLE KEYS */;
UNLOCK TABLES;

--
-- Table structure for table `Location`
--

DROP TABLE IF EXISTS `Location`;
/*!40101 SET @saved_cs_client     = @@character_set_client */;
/*!40101 SET character_set_client = utf8 */;
CREATE TABLE `Location` (
  `id` int(11) NOT NULL AUTO_INCREMENT,
  `locationTypeId` int(11) NOT NULL,
  `name` varchar(32) NOT NULL,
  `section` varchar(32) NOT NULL,
  `x` double NOT NULL,
  `y` double NOT NULL,
  `singulationTypeId` int(11) NOT NULL,
  `eventGenerationTypeId` int(11) NOT NULL,
  PRIMARY KEY (`id`),
  KEY `FK_LocationType` (`locationTypeId`),
  CONSTRAINT `FK_LocationType` FOREIGN KEY (`locationTypeId`) REFERENCES `LocationType` (`id`)
) ENGINE=InnoDB AUTO_INCREMENT=9 DEFAULT CHARSET=latin1;
/*!40101 SET character_set_client = @saved_cs_client */;

--
-- Dumping data for table `Location`
--

LOCK TABLES `Location` WRITE;
/*!40000 ALTER TABLE `Location` DISABLE KEYS */;
INSERT INTO `Location` VALUES (0,0,'UNKNOWN','',0,0,0,0),(1,1,'Entry','',1,1,0,0),(2,2,'Queue','',51,51,0,0),(3,6,'MergeLRR','',15,15,0,0),(4,6,'Merge','',15,15,0,0),(5,7,'xPassEntry','',10,10,0,0),(6,3,'Exit','',101,101,0,0),(7,4,'Load1','',76,76,0,0),(8,4,'Load2','',76,76,0,0);
/*!40000 ALTER TABLE `Location` ENABLE KEYS */;
UNLOCK TABLES;

--
-- Table structure for table `LocationType`
--

DROP TABLE IF EXISTS `LocationType`;
/*!40101 SET @saved_cs_client     = @@character_set_client */;
/*!40101 SET character_set_client = utf8 */;
CREATE TABLE `LocationType` (
  `id` int(11) NOT NULL,
  `LocationTypeName` varchar(32) NOT NULL,
  PRIMARY KEY (`id`)
) ENGINE=InnoDB DEFAULT CHARSET=latin1;
/*!40101 SET character_set_client = @saved_cs_client */;

--
-- Dumping data for table `LocationType`
--

LOCK TABLES `LocationType` WRITE;
/*!40000 ALTER TABLE `LocationType` DISABLE KEYS */;
INSERT INTO `LocationType` VALUES (0,'UNKNOWN'),(1,'Entry'),(2,'Queue'),(3,'Exit'),(4,'Load'),(5,'InCar'),(6,'Merge'),(7,'xPass Entry'),(8,'Combo'),(9,'Waypoint');
/*!40000 ALTER TABLE `LocationType` ENABLE KEYS */;
UNLOCK TABLES;

--
-- Table structure for table `Messages`
--

DROP TABLE IF EXISTS `Messages`;
/*!40101 SET @saved_cs_client     = @@character_set_client */;
/*!40101 SET character_set_client = utf8 */;
CREATE TABLE `Messages` (
  `id` bigint(20) NOT NULL AUTO_INCREMENT,
  `MessageType` varchar(32) NOT NULL,
  `Timestamp` bigint(20) NOT NULL,
  `Payload` varchar(4096) NOT NULL,
  PRIMARY KEY (`id`)
) ENGINE=InnoDB AUTO_INCREMENT=53487 DEFAULT CHARSET=latin1 COMMENT='XML payloads for outgoing JMS or HTTP messages';
/*!40101 SET character_set_client = @saved_cs_client */;

--
-- Dumping data for table `Messages`
--

LOCK TABLES `Messages` WRITE;
/*!40000 ALTER TABLE `Messages` DISABLE KEYS */;
/*!40000 ALTER TABLE `Messages` ENABLE KEYS */;
UNLOCK TABLES;

--
-- Table structure for table `Reader`
--

DROP TABLE IF EXISTS `Reader`;
/*!40101 SET @saved_cs_client     = @@character_set_client */;
/*!40101 SET character_set_client = utf8 */;
CREATE TABLE `Reader` (
  `id` int(11) NOT NULL AUTO_INCREMENT,
  `type` tinyint(1) NOT NULL,
  `readerId` varchar(32) NOT NULL,
  `positionX` int(11) DEFAULT NULL,
  `positionY` int(11) DEFAULT NULL,
  `group` varchar(16) DEFAULT NULL,
  `singulationGroup` varchar(16) DEFAULT NULL,
  `signalStrengthThreshold` int(11) NOT NULL DEFAULT '-90',
  `gain` double NOT NULL DEFAULT '1',
  `macAddress` varchar(32) DEFAULT NULL,
  `ipAddress` varchar(32) NOT NULL,
  `port` int(11) NOT NULL DEFAULT '80',
  `lastIdReceived` bigint(20) NOT NULL DEFAULT '-1',
  `locationId` int(11) NOT NULL,
  `timeLastHello` bigint(20) NOT NULL,
  `lane` int(11) NOT NULL,
  `deviceId` int(11) NOT NULL DEFAULT '0',
  `version` varchar(32) DEFAULT NULL,
  `minXbrcVersion` varchar(32) DEFAULT NULL,
  `isTransmitter` tinyint(1) DEFAULT '0',
  `transmitPayload` varchar(1024) DEFAULT NULL,
  PRIMARY KEY (`id`),
  UNIQUE KEY `reader_id_index` (`readerId`)
) ENGINE=InnoDB AUTO_INCREMENT=28 DEFAULT CHARSET=latin1 COMMENT='Information about configured readers';
/*!40101 SET character_set_client = @saved_cs_client */;

--
-- Dumping data for table `Reader`
--

LOCK TABLES `Reader` WRITE;
/*!40000 ALTER TABLE `Reader` DISABLE KEYS */;
INSERT INTO `Reader` VALUES 
(2,1,'entry-1',0,0,NULL,NULL,-70,1,'00:00:00:00:80:11','127.0.0.1',8011,8393,1,1331340923225,0,8011,'0.0.0.0','0.0.0.0',0,''),(3,1,'entry-2',3,0,NULL,NULL,-70,1,'00:00:00:00:80:12','127.0.0.1',8012,8651,1,1331340923352,0,8012,'0.0.0.0','0.0.0.0',0,''),(4,1,'entry-3',0,3,NULL,NULL,-70,1,'00:00:00:00:80:13','127.0.0.1',8013,8083,1,1331340923311,0,8013,'0.0.0.0','0.0.0.0',0,''),(5,1,'entry-4',3,3,NULL,NULL,-70,1,'00:00:00:00:80:14','127.0.0.1',8014,8231,1,1331340923290,0,8014,'0.0.0.0','0.0.0.0',0,''),(6,1,'queue-1',50,5,NULL,NULL,-70,1,'00:00:00:00:80:21','127.0.0.1',8021,4877,2,1331340923262,0,8021,'0.0.0.0','0.0.0.0',0,''),(7,1,'queue-2',53,5,NULL,NULL,-70,1,'00:00:00:00:80:22','127.0.0.1',8022,4817,2,1331340923176,0,8022,'0.0.0.0','0.0.0.0',0,''),(8,1,'queue-3',50,8,NULL,NULL,-70,1,'00:00:00:00:80:23','127.0.0.1',8023,907,2,1331340923298,0,8023,'0.0.0.0','0.0.0.0',0,''),(9,1,'queue-4',53,8,NULL,NULL,-70,1,'00:00:00:00:80:24','127.0.0.1',8024,965,2,1331340923124,0,8024,'0.0.0.0','0.0.0.0',0,''),(10,1,'mergelrr-1',15,5,NULL,NULL,-70,1,'00:00:00:00:80:31','127.0.0.1',8031,5053,3,1331340923207,0,8031,'0.0.0.0','0.0.0.0',0,''),(11,1,'mergelrr-2',18,5,NULL,NULL,-70,1,'00:00:00:00:80:32','127.0.0.1',8032,5049,3,1331340923326,0,8032,'0.0.0.0','0.0.0.0',0,''),(12,1,'mergelrr-3',15,8,NULL,NULL,-70,1,'00:00:00:00:80:33','127.0.0.1',8033,677,3,1331340923222,0,8033,'0.0.0.0','0.0.0.0',0,''),(13,1,'mergelrr-4',18,8,NULL,NULL,-70,1,'00:00:00:00:80:34','127.0.0.1',8034,691,3,1331340923323,0,8034,'0.0.0.0','0.0.0.0',0,''),(14,2,'merge',15,10,NULL,NULL,0,1,'00:00:00:00:80:41','127.0.0.1',8041,39,4,1331340923303,0,8041,'0.0.0.0','0.0.0.0',0,''),(15,2,'xpassentry',8,10,NULL,NULL,0,1,'00:00:00:00:80:51','127.0.0.1',8051,43,5,1331340923202,0,8051,'0.0.0.0','0.0.0.0',0,''),(16,1,'exit-1',100,5,NULL,NULL,-70,1,'00:00:00:00:80:61','127.0.0.1',8061,2285,6,1331340923299,0,8061,'0.0.0.0','0.0.0.0',0,''),(17,1,'exit-2',103,5,NULL,NULL,-70,1,'00:00:00:00:80:62','127.0.0.1',8062,2137,6,1331340923382,0,8062,'0.0.0.0','0.0.0.0',0,''),(18,1,'exit-3',100,8,NULL,NULL,-70,1,'00:00:00:00:80:63','127.0.0.1',8063,2061,6,1331340923345,0,8063,'0.0.0.0','0.0.0.0',0,''),(19,1,'exit-4',103,8,NULL,NULL,-70,1,'00:00:00:00:80:64','127.0.0.1',8064,1851,6,1331340923255,0,8064,'0.0.0.0','0.0.0.0',0,''),(20,1,'load1-1',75,0,NULL,NULL,-70,1,'00:00:00:00:80:71','127.0.0.1',8071,31727,7,1331340923368,0,8071,'0.0.0.0','0.0.0.0',0,''),(21,1,'load1-2',78,0,NULL,NULL,-70,1,'00:00:00:00:80:72','127.0.0.1',8072,31135,7,1331340923266,0,8072,'0.0.0.0','0.0.0.0',0,''),(22,1,'load1-3',75,3,NULL,NULL,-70,1,'00:00:00:00:80:73','127.0.0.1',8073,31809,7,1331340923254,0,8073,'0.0.0.0','0.0.0.0',0,''),(23,1,'load1-4',78,3,NULL,NULL,-70,1,'00:00:00:00:80:74','127.0.0.1',8074,31669,7,1331340923355,0,8074,'0.0.0.0','0.0.0.0',0,''),(24,1,'load2-1',75,10,NULL,NULL,-70,1,'00:00:00:00:80:81','127.0.0.1',8081,28759,8,1331340923306,0,8081,'0.0.0.0','0.0.0.0',0,''),(25,1,'load2-2',78,10,NULL,NULL,-70,1,'00:00:00:00:80:82','127.0.0.1',8082,27987,8,1331340923306,0,8082,'0.0.0.0','0.0.0.0',0,''),(26,1,'load2-3',75,13,NULL,NULL,-70,1,'00:00:00:00:80:83','127.0.0.1',8083,26131,8,1331340923274,0,8083,'0.0.0.0','0.0.0.0',0,''),(27,1,'load2-4',78,13,NULL,NULL,-70,1,'00:00:00:00:80:84','127.0.0.1',8084,24809,8,1331340923343,0,8084,'0.0.0.0','0.0.0.0',0,'');
/*!40000 ALTER TABLE `Reader` ENABLE KEYS */;
UNLOCK TABLES;

--
-- Table structure for table `SchemaVersion`
--

DROP TABLE IF EXISTS `SchemaVersion`;
/*!40101 SET @saved_cs_client     = @@character_set_client */;
/*!40101 SET character_set_client = utf8 */;
CREATE TABLE `SchemaVersion` (
  `version` varchar(40) NOT NULL,
  `model` varchar(255) NOT NULL
) ENGINE=MyISAM DEFAULT CHARSET=latin1 COMMENT='Mayhem database schema version';
/*!40101 SET character_set_client = @saved_cs_client */;

--
-- Dumping data for table `SchemaVersion`
--

LOCK TABLES `SchemaVersion` WRITE;
/*!40000 ALTER TABLE `SchemaVersion` DISABLE KEYS */;
INSERT INTO `SchemaVersion` VALUES ('1.0.0.0','attractionmodel');
/*!40000 ALTER TABLE `SchemaVersion` ENABLE KEYS */;
UNLOCK TABLES;

--
-- Table structure for table `Status`
--

DROP TABLE IF EXISTS `Status`;
/*!40101 SET @saved_cs_client     = @@character_set_client */;
/*!40101 SET character_set_client = utf8 */;
CREATE TABLE `Status` (
  `Property` varchar(32) NOT NULL,
  `Value` varchar(1024) NOT NULL,
  PRIMARY KEY (`Property`)
) ENGINE=MyISAM DEFAULT CHARSET=latin1 COMMENT='Persists execution status of controller';
/*!40101 SET character_set_client = @saved_cs_client */;

--
-- Dumping data for table `Status`
--

LOCK TABLES `Status` WRITE;
/*!40000 ALTER TABLE `Status` DISABLE KEYS */;
INSERT INTO `Status` VALUES ('LastStateStore','1970-01-01T00:00:00.000'),('LastMessageIdToJMS','-1'),('LastMessageIdToPostStream','-1');
/*!40000 ALTER TABLE `Status` ENABLE KEYS */;
UNLOCK TABLES;

--
-- Table structure for table `StoredConfigurations`
--

DROP TABLE IF EXISTS `StoredConfigurations`;
/*!40101 SET @saved_cs_client     = @@character_set_client */;
/*!40101 SET character_set_client = utf8 */;
CREATE TABLE `StoredConfigurations` (
  `id` int(11) NOT NULL AUTO_INCREMENT,
  `name` varchar(32) NOT NULL,
  `description` varchar(1024) NOT NULL,
  `model` varchar(256) NOT NULL,
  `xml` longtext NOT NULL,
  PRIMARY KEY (`id`) USING BTREE,
  UNIQUE KEY `idx_name` (`name`)
) ENGINE=InnoDB AUTO_INCREMENT=18 DEFAULT CHARSET=latin1 ROW_FORMAT=DYNAMIC COMMENT='Holds configuration sets serialized in XML form';
/*!40101 SET character_set_client = @saved_cs_client */;

--
-- Dumping data for table `StoredConfigurations`
--

LOCK TABLES `StoredConfigurations` WRITE;
/*!40000 ALTER TABLE `StoredConfigurations` DISABLE KEYS */;
INSERT INTO `StoredConfigurations` VALUES (15,'conf1','Created on: 2012-02-07T04:34:35.837','class com.disney.xband.xbrc.attractionmodel.CEP','<venue name=\"80010114\" time=\"2012-02-07T04:34:35.837\">\n    <configuration name=\"conf1\" type=\"full\">\n        <description/>\n        <properties>\n            <property class=\"AttractionModelConfig\"  name=\"abandonmenttimeout\">60</property>\n            <property class=\"AttractionModelConfig\"  name=\"bluelightduration\">2500</property>\n            <property class=\"AttractionModelConfig\"  name=\"deferentrymessages\">true</property>\n            <property class=\"AttractionModelConfig\"  name=\"errorlightperiod\">250</property>\n            <property class=\"AttractionModelConfig\"  name=\"errorpattern\">bnb</property>\n            <property class=\"AttractionModelConfig\"  name=\"exitstatetimeout\">120</property>\n            <property class=\"AttractionModelConfig\"  name=\"greenlightduration\">1000</property>\n            <property class=\"AttractionModelConfig\"  name=\"greenlightevent\">green</property>\n            <property class=\"AttractionModelConfig\"  name=\"gstsaveperiod\">1000</property>\n            <property class=\"AttractionModelConfig\"  name=\"gxpurl\">#</property>\n            <property class=\"AttractionModelConfig\"  name=\"loadtype\">trailing</property>\n            <property class=\"AttractionModelConfig\"  name=\"metricsperiod\">15</property>\n            <property class=\"AttractionModelConfig\"  name=\"onridetimeout\">2</property>\n            <property class=\"AttractionModelConfig\"  name=\"sbluelightevent\">blue</property>\n            <property class=\"ControllerInfo\"  name=\"adjusteventtimes\">true</property>\n            <property class=\"ControllerInfo\"  name=\"bioimagecapure\">false</property>\n            <property class=\"ControllerInfo\"  name=\"dateformat\">yyyy-MM-dd HH:mm:ss z</property>\n            <property class=\"ControllerInfo\"  name=\"discoverynetprefix\">10.</property>\n            <property class=\"ControllerInfo\"  name=\"eventdumpfile\">eventdump.txt</property>\n            <property class=\"ControllerInfo\"  name=\"eventprocessingperiod_msec\">200</property>\n            <property class=\"ControllerInfo\"  name=\"eventsperbatch\">500</property>\n            <property class=\"ControllerInfo\"  name=\"httpport\">8080</property>\n            <property class=\"ControllerInfo\"  name=\"httpsport\">0</property>\n            <property class=\"ControllerInfo\"  name=\"idmscachetime_sec\">1800</property>\n            <property class=\"ControllerInfo\"  name=\"jmsretryperiod\">1000</property>\n            <property class=\"ControllerInfo\"  name=\"maxreadsbeforepurge\">8</property>\n            <property class=\"ControllerInfo\"  name=\"messagestorageperiod\">3600</property>\n            <property class=\"ControllerInfo\"  name=\"metricsperiod\">15</property>\n            <property class=\"ControllerInfo\"  name=\"model\">com.disney.xband.xbrc.attractionmodel.CEP</property>\n            <property class=\"ControllerInfo\"  name=\"onridetimeout\">2</property>\n            <property class=\"ControllerInfo\"  name=\"ownipprefix\">10.</property>\n            <property class=\"ControllerInfo\"  name=\"pass\">Mayhem!23</property>\n            <property class=\"ControllerInfo\"  name=\"perfmetrics\">15</property>\n            <property class=\"ControllerInfo\"  name=\"perfmetricsperiod\">15</property>\n            <property class=\"ControllerInfo\"  name=\"pushmode\">true</property>\n            <property class=\"ControllerInfo\"  name=\"readerdatasendperiod_msec\">100</property>\n            <property class=\"ControllerInfo\"  name=\"readerhellotimeoutsec\">90</property>\n            <property class=\"ControllerInfo\"  name=\"readerhttptimeout_msec\">3000</property>\n            <property class=\"ControllerInfo\"  name=\"readertestmode\">false</property>\n            <property class=\"ControllerInfo\"  name=\"reducedataslicing\">true</property>\n            <property class=\"ControllerInfo\"  name=\"reversetapids\">false</property>\n            <property class=\"ControllerInfo\"  name=\"rfidtestmode\">false</property>\n            <property class=\"ControllerInfo\"  name=\"securetapid\">false</property>\n            <property class=\"ControllerInfo\"  name=\"setreadertime\">true</property>\n            <property class=\"ControllerInfo\"  name=\"singulationalgorithm\">max</property>\n            <property class=\"ControllerInfo\"  name=\"snmp_enabled\">false</property>\n            <property class=\"ControllerInfo\"  name=\"statesaveperiod_sec\">1000</property>\n            <property class=\"ControllerInfo\"  name=\"updatestreamhttptimeout_msec\">2000</property>\n            <property class=\"ControllerInfo\"  name=\"updatestreamurl\"></property>\n            <property class=\"ControllerInfo\"  name=\"user\">EMUser</property>\n            <property class=\"ControllerInfo\"  name=\"venue\">80010114</property>\n            <property class=\"ControllerInfo\"  name=\"verbose\">false</property>\n            <property class=\"ControllerInfo\"  name=\"watchedbandtimeout\">180</property>\n            <property class=\"ControllerInfo\"  name=\"wwwdir\">/usr/share/xbrc/www</property>\n            <property class=\"ControllerInfo\"  name=\"xviewurl\">http://localhost:8090/Xview</property>\n            <property class=\"ESBInfo\"  name=\"jmsbroker\">#10.75.3.57:2506</property>\n            <property class=\"ESBInfo\"  name=\"jmsdiscoverytimesec\">60</property>\n            <property class=\"ESBInfo\"  name=\"jmspassword\">Administrator</property>\n            <property class=\"ESBInfo\"  name=\"jmsqueryqueue\">disney.xband.xbrc.queryqueue</property>\n            <property class=\"ESBInfo\"  name=\"jmsrequestqueue\">com.synapse.xbrcIn</property>\n            <property class=\"ESBInfo\"  name=\"jmstopic\">com.synapse.xbrc</property>\n            <property class=\"ESBInfo\"  name=\"jmsuser\">Administrator</property>\n            <property class=\"EventConfig\"  name=\"amplifiedsignalstrengthmax\">-40</property>\n            <property class=\"EventConfig\"  name=\"amplifiedsignalstrengthmin\">-90</property>\n            <property class=\"EventConfig\"  name=\"deltatime\">3000</property>\n            <property class=\"ReaderConfig\"  name=\"gainsliderincrement\">0.1</property>\n            <property class=\"ReaderConfig\"  name=\"initialized\">false</property>\n            <property class=\"ReaderConfig\"  name=\"maximumgain\">2.0</property>\n            <property class=\"ReaderConfig\"  name=\"maximumthreshold\">63</property>\n            <property class=\"ReaderConfig\"  name=\"minimumgain\">-1.0</property>\n            <property class=\"ReaderConfig\"  name=\"minimumthreshold\">0</property>\n            <property class=\"ReaderConfig\"  name=\"minnormaltemperature\">19.0</property>\n            <property class=\"ReaderConfig\"  name=\"mmaxnormaltemperature\">22.0</property>\n            <property class=\"ReaderConfig\"  name=\"temperaturetoohigh\">25.0</property>\n            <property class=\"ReaderConfig\"  name=\"thresholdsliderincrement\">1</property>\n            <property class=\"ReaderConfig\"  name=\"xbrcconfigmodseq\">2</property>\n            <property class=\"ServiceLocator\"  name=\"service_implementor_suffix\">Imp</property>\n            <property class=\"UIAttractionViewConfig\"  name=\"gridheight\">9</property>\n            <property class=\"UIAttractionViewConfig\"  name=\"gridsize\">50</property>\n            <property class=\"UIAttractionViewConfig\"  name=\"gridwidth\">18</property>\n            <property class=\"UIAttractionViewConfig\"  name=\"guesticonheight\">24</property>\n            <property class=\"UIAttractionViewConfig\"  name=\"guesticonspacing\">10</property>\n            <property class=\"UIAttractionViewConfig\"  name=\"guesticonstagger\">4</property>\n            <property class=\"UIAttractionViewConfig\"  name=\"guesticonwidth\">24</property>\n            <property class=\"UIAttractionViewConfig\"  name=\"maxguestspericon\">5</property>\n            <property class=\"UIAttractionViewConfig\"  name=\"maxiconspergriditem\">3</property>\n            <property class=\"UIConfig\"  name=\"controllerurl\">http://localhost:8080</property>\n            <property class=\"UIConfig\"  name=\"guestxviewcachetimesec\">1800</property>\n            <property class=\"UIConfig\"  name=\"xviewurl\">http://localhost:8090/Xview</property>\n        </properties>\n        <readerlocationinfo>\n            <readerlocation>\n                <section></section>\n                <name>Load2</name>\n                <id>8</id>\n                <type>4</type>\n                <x>76.0</x>\n                <y>76.0</y>\n                <readers>\n                    <reader>\n                        <name>load2-4</name>\n                        <id>27</id>\n                        <type>Long Range</type>\n                        <macaddress>00:00:00:00:00:00</macaddress>\n                        <ipaddress>127.0.0.1</ipaddress>\n                        <port>8084</port>\n                        <gain>1.0</gain>\n                        <threshold>-70</threshold>\n                        <lane>0</lane>\n                        <deviceid>0</deviceid>\n                        <x>78</x>\n                        <y>13</y>\n                        <timelasthello>1328312973020</timelasthello>\n                        <version>0.0.0.0</version>\n                        <minxbrcversion>0.0.0.0</minxbrcversion>\n                    </reader>\n                    <reader>\n                        <name>load2-3</name>\n                        <id>26</id>\n                        <type>Long Range</type>\n                        <macaddress>00:00:00:00:00:00</macaddress>\n                        <ipaddress>127.0.0.1</ipaddress>\n                        <port>8083</port>\n                        <gain>1.0</gain>\n                        <threshold>-70</threshold>\n                        <lane>0</lane>\n                        <deviceid>0</deviceid>\n                        <x>75</x>\n                        <y>13</y>\n                        <timelasthello>1328312972934</timelasthello>\n                        <version>0.0.0.0</version>\n                        <minxbrcversion>0.0.0.0</minxbrcversion>\n                    </reader>\n                    <reader>\n                        <name>load2-2</name>\n                        <id>25</id>\n                        <type>Long Range</type>\n                        <macaddress>00:00:00:00:00:00</macaddress>\n                        <ipaddress>127.0.0.1</ipaddress>\n                        <port>8082</port>\n                        <gain>1.0</gain>\n                        <threshold>-70</threshold>\n                        <lane>0</lane>\n                        <deviceid>0</deviceid>\n                        <x>78</x>\n                        <y>10</y>\n                        <timelasthello>1328312972885</timelasthello>\n                        <version>0.0.0.0</version>\n                        <minxbrcversion>0.0.0.0</minxbrcversion>\n                    </reader>\n                    <reader>\n                        <name>load2-1</name>\n                        <id>24</id>\n                        <type>Long Range</type>\n                        <macaddress>00:00:00:00:00:00</macaddress>\n                        <ipaddress>127.0.0.1</ipaddress>\n                        <port>8081</port>\n                        <gain>1.0</gain>\n                        <threshold>-70</threshold>\n                        <lane>0</lane>\n                        <deviceid>0</deviceid>\n                        <x>75</x>\n                        <y>10</y>\n                        <timelasthello>1328312943483</timelasthello>\n                        <version>0.0.0.0</version>\n                        <minxbrcversion>0.0.0.0</minxbrcversion>\n                    </reader>\n                </readers>\n            </readerlocation>\n            <readerlocation>\n                <section></section>\n                <name>Load1</name>\n                <id>7</id>\n                <type>4</type>\n                <x>76.0</x>\n                <y>76.0</y>\n                <readers>\n                    <reader>\n                        <name>load1-4</name>\n                        <id>23</id>\n                        <type>Long Range</type>\n                        <macaddress>00:00:00:00:00:00</macaddress>\n                        <ipaddress>127.0.0.1</ipaddress>\n                        <port>8074</port>\n                        <gain>1.0</gain>\n                        <threshold>-70</threshold>\n                        <lane>0</lane>\n                        <deviceid>0</deviceid>\n                        <x>78</x>\n                        <y>3</y>\n                        <timelasthello>1328312973006</timelasthello>\n                        <version>0.0.0.0</version>\n                        <minxbrcversion>0.0.0.0</minxbrcversion>\n                    </reader>\n                    <reader>\n                        <name>load1-3</name>\n                        <id>22</id>\n                        <type>Long Range</type>\n                        <macaddress>00:00:00:00:00:00</macaddress>\n                        <ipaddress>127.0.0.1</ipaddress>\n                        <port>8073</port>\n                        <gain>1.0</gain>\n                        <threshold>-70</threshold>\n                        <lane>0</lane>\n                        <deviceid>0</deviceid>\n                        <x>75</x>\n                        <y>3</y>\n                        <timelasthello>1328312973191</timelasthello>\n                        <version>0.0.0.0</version>\n                        <minxbrcversion>0.0.0.0</minxbrcversion>\n                    </reader>\n                    <reader>\n                        <name>load1-2</name>\n                        <id>21</id>\n                        <type>Long Range</type>\n                        <macaddress>00:00:00:00:00:00</macaddress>\n                        <ipaddress>127.0.0.1</ipaddress>\n                        <port>8072</port>\n                        <gain>1.0</gain>\n                        <threshold>-70</threshold>\n                        <lane>0</lane>\n                        <deviceid>0</deviceid>\n                        <x>78</x>\n                        <y>0</y>\n                        <timelasthello>1328312972964</timelasthello>\n                        <version>0.0.0.0</version>\n                        <minxbrcversion>0.0.0.0</minxbrcversion>\n                    </reader>\n                    <reader>\n                        <name>load1-1</name>\n                        <id>20</id>\n                        <type>Long Range</type>\n                        <macaddress>00:00:00:00:00:00</macaddress>\n                        <ipaddress>127.0.0.1</ipaddress>\n                        <port>8071</port>\n                        <gain>1.0</gain>\n                        <threshold>-70</threshold>\n                        <lane>0</lane>\n                        <deviceid>0</deviceid>\n                        <x>75</x>\n                        <y>0</y>\n                        <timelasthello>1328312972916</timelasthello>\n                        <version>0.0.0.0</version>\n                        <minxbrcversion>0.0.0.0</minxbrcversion>\n                    </reader>\n                </readers>\n            </readerlocation>\n            <readerlocation>\n                <section></section>\n                <name>Exit</name>\n                <id>6</id>\n                <type>3</type>\n                <x>101.0</x>\n                <y>101.0</y>\n                <readers>\n                    <reader>\n                        <name>exit-4</name>\n                        <id>19</id>\n                        <type>Long Range</type>\n                        <macaddress>00:00:00:00:00:00</macaddress>\n                        <ipaddress>127.0.0.1</ipaddress>\n                        <port>8064</port>\n                        <gain>1.0</gain>\n                        <threshold>-70</threshold>\n                        <lane>0</lane>\n                        <deviceid>0</deviceid>\n                        <x>103</x>\n                        <y>8</y>\n                        <timelasthello>1328312973479</timelasthello>\n                        <version>0.0.0.0</version>\n                        <minxbrcversion>0.0.0.0</minxbrcversion>\n                    </reader>\n                    <reader>\n                        <name>exit-3</name>\n                        <id>18</id>\n                        <type>Long Range</type>\n                        <macaddress>00:00:00:00:00:00</macaddress>\n                        <ipaddress>127.0.0.1</ipaddress>\n                        <port>8063</port>\n                        <gain>1.0</gain>\n                        <threshold>-70</threshold>\n                        <lane>0</lane>\n                        <deviceid>0</deviceid>\n                        <x>100</x>\n                        <y>8</y>\n                        <timelasthello>1328312972918</timelasthello>\n                        <version>0.0.0.0</version>\n                        <minxbrcversion>0.0.0.0</minxbrcversion>\n                    </reader>\n                    <reader>\n                        <name>exit-2</name>\n                        <id>17</id>\n                        <type>Long Range</type>\n                        <macaddress>00:00:00:00:00:00</macaddress>\n                        <ipaddress>127.0.0.1</ipaddress>\n                        <port>8062</port>\n                        <gain>1.0</gain>\n                        <threshold>-70</threshold>\n                        <lane>0</lane>\n                        <deviceid>0</deviceid>\n                        <x>103</x>\n                        <y>5</y>\n                        <timelasthello>1328312973180</timelasthello>\n                        <version>0.0.0.0</version>\n                        <minxbrcversion>0.0.0.0</minxbrcversion>\n                    </reader>\n                    <reader>\n                        <name>exit-1</name>\n                        <id>16</id>\n                        <type>Long Range</type>\n                        <macaddress>00:00:00:00:00:00</macaddress>\n                        <ipaddress>127.0.0.1</ipaddress>\n                        <port>8061</port>\n                        <gain>1.0</gain>\n                        <threshold>-70</threshold>\n                        <lane>0</lane>\n                        <deviceid>0</deviceid>\n                        <x>100</x>\n                        <y>5</y>\n                        <timelasthello>1328312972989</timelasthello>\n                        <version>0.0.0.0</version>\n                        <minxbrcversion>0.0.0.0</minxbrcversion>\n                    </reader>\n                </readers>\n            </readerlocation>\n            <readerlocation>\n                <section></section>\n                <name>xPassEntry</name>\n                <id>5</id>\n                <type>7</type>\n                <x>10.0</x>\n                <y>10.0</y>\n                <readers>\n                    <reader>\n                        <name>xpassentry</name>\n                        <id>15</id>\n                        <type>Tap</type>\n                        <macaddress>00:00:00:00:00:00</macaddress>\n                        <ipaddress>127.0.0.1</ipaddress>\n                        <port>8051</port>\n                        <gain>1.0</gain>\n                        <threshold>0</threshold>\n                        <lane>0</lane>\n                        <deviceid>0</deviceid>\n                        <x>8</x>\n                        <y>10</y>\n                        <timelasthello>1328312972819</timelasthello>\n                        <version>0.0.0.0</version>\n                        <minxbrcversion>0.0.0.0</minxbrcversion>\n                    </reader>\n                </readers>\n            </readerlocation>\n            <readerlocation>\n                <section></section>\n                <name>Merge</name>\n                <id>4</id>\n                <type>6</type>\n                <x>15.0</x>\n                <y>15.0</y>\n                <readers>\n                    <reader>\n                        <name>merge</name>\n                        <id>14</id>\n                        <type>Tap</type>\n                        <macaddress>00:00:00:00:00:00</macaddress>\n                        <ipaddress>127.0.0.1</ipaddress>\n                        <port>8041</port>\n                        <gain>1.0</gain>\n                        <threshold>0</threshold>\n                        <lane>0</lane>\n                        <deviceid>0</deviceid>\n                        <x>15</x>\n                        <y>10</y>\n                        <timelasthello>1328312972983</timelasthello>\n                        <version>0.0.0.0</version>\n                        <minxbrcversion>0.0.0.0</minxbrcversion>\n                    </reader>\n                </readers>\n            </readerlocation>\n            <readerlocation>\n                <section></section>\n                <name>MergeLRR</name>\n                <id>3</id>\n                <type>6</type>\n                <x>15.0</x>\n                <y>15.0</y>\n                <readers>\n                    <reader>\n                        <name>mergelrr-4</name>\n                        <id>13</id>\n                        <type>Long Range</type>\n                        <macaddress>00:00:00:00:00:00</macaddress>\n                        <ipaddress>127.0.0.1</ipaddress>\n                        <port>8034</port>\n                        <gain>1.0</gain>\n                        <threshold>-70</threshold>\n                        <lane>0</lane>\n                        <deviceid>0</deviceid>\n                        <x>18</x>\n                        <y>8</y>\n                        <timelasthello>1328312973455</timelasthello>\n                        <version>0.0.0.0</version>\n                        <minxbrcversion>0.0.0.0</minxbrcversion>\n                    </reader>\n                    <reader>\n                        <name>mergelrr-3</name>\n                        <id>12</id>\n                        <type>Long Range</type>\n                        <macaddress>00:00:00:00:00:00</macaddress>\n                        <ipaddress>127.0.0.1</ipaddress>\n                        <port>8033</port>\n                        <gain>1.0</gain>\n                        <threshold>-70</threshold>\n                        <lane>0</lane>\n                        <deviceid>0</deviceid>\n                        <x>15</x>\n                        <y>8</y>\n                        <timelasthello>1328312973028</timelasthello>\n                        <version>0.0.0.0</version>\n                        <minxbrcversion>0.0.0.0</minxbrcversion>\n                    </reader>\n                    <reader>\n                        <name>mergelrr-2</name>\n                        <id>11</id>\n                        <type>Long Range</type>\n                        <macaddress>00:00:00:00:00:00</macaddress>\n                        <ipaddress>127.0.0.1</ipaddress>\n                        <port>8032</port>\n                        <gain>1.0</gain>\n                        <threshold>-70</threshold>\n                        <lane>0</lane>\n                        <deviceid>0</deviceid>\n                        <x>18</x>\n                        <y>5</y>\n                        <timelasthello>1328312973169</timelasthello>\n                        <version>0.0.0.0</version>\n                        <minxbrcversion>0.0.0.0</minxbrcversion>\n                    </reader>\n                    <reader>\n                        <name>mergelrr-1</name>\n                        <id>10</id>\n                        <type>Long Range</type>\n                        <macaddress>00:00:00:00:00:00</macaddress>\n                        <ipaddress>127.0.0.1</ipaddress>\n                        <port>8031</port>\n                        <gain>1.0</gain>\n                        <threshold>-70</threshold>\n                        <lane>0</lane>\n                        <deviceid>0</deviceid>\n                        <x>15</x>\n                        <y>5</y>\n                        <timelasthello>1328312973111</timelasthello>\n                        <version>0.0.0.0</version>\n                        <minxbrcversion>0.0.0.0</minxbrcversion>\n                    </reader>\n                </readers>\n            </readerlocation>\n            <readerlocation>\n                <section></section>\n                <name>Queue</name>\n                <id>2</id>\n                <type>2</type>\n                <x>51.0</x>\n                <y>51.0</y>\n                <readers>\n                    <reader>\n                        <name>queue-4</name>\n                        <id>9</id>\n                        <type>Long Range</type>\n                        <macaddress>00:00:00:00:00:00</macaddress>\n                        <ipaddress>127.0.0.1</ipaddress>\n                        <port>8024</port>\n                        <gain>1.0</gain>\n                        <threshold>-70</threshold>\n                        <lane>0</lane>\n                        <deviceid>0</deviceid>\n                        <x>53</x>\n                        <y>8</y>\n                        <timelasthello>1328312973059</timelasthello>\n                        <version>0.0.0.0</version>\n                        <minxbrcversion>0.0.0.0</minxbrcversion>\n                    </reader>\n                    <reader>\n                        <name>queue-3</name>\n                        <id>8</id>\n                        <type>Long Range</type>\n                        <macaddress>00:00:00:00:00:00</macaddress>\n                        <ipaddress>127.0.0.1</ipaddress>\n                        <port>8023</port>\n                        <gain>1.0</gain>\n                        <threshold>-70</threshold>\n                        <lane>0</lane>\n                        <deviceid>0</deviceid>\n                        <x>50</x>\n                        <y>8</y>\n                        <timelasthello>1328312972923</timelasthello>\n                        <version>0.0.0.0</version>\n                        <minxbrcversion>0.0.0.0</minxbrcversion>\n                    </reader>\n                    <reader>\n                        <name>queue-2</name>\n                        <id>7</id>\n                        <type>Long Range</type>\n                        <macaddress>00:00:00:00:00:00</macaddress>\n                        <ipaddress>127.0.0.1</ipaddress>\n                        <port>8022</port>\n                        <gain>1.0</gain>\n                        <threshold>-70</threshold>\n                        <lane>0</lane>\n                        <deviceid>0</deviceid>\n                        <x>53</x>\n                        <y>5</y>\n                        <timelasthello>1328312972950</timelasthello>\n                        <version>0.0.0.0</version>\n                        <minxbrcversion>0.0.0.0</minxbrcversion>\n                    </reader>\n                    <reader>\n                        <name>queue-1</name>\n                        <id>6</id>\n                        <type>Long Range</type>\n                        <macaddress>00:00:00:00:00:00</macaddress>\n                        <ipaddress>127.0.0.1</ipaddress>\n                        <port>8021</port>\n                        <gain>1.0</gain>\n                        <threshold>-70</threshold>\n                        <lane>0</lane>\n                        <deviceid>0</deviceid>\n                        <x>50</x>\n                        <y>5</y>\n                        <timelasthello>1328312973191</timelasthello>\n                        <version>0.0.0.0</version>\n                        <minxbrcversion>0.0.0.0</minxbrcversion>\n                    </reader>\n                </readers>\n            </readerlocation>\n            <readerlocation>\n                <section></section>\n                <name>Entry</name>\n                <id>1</id>\n                <type>1</type>\n                <x>1.0</x>\n                <y>1.0</y>\n                <readers>\n                    <reader>\n                        <name>entry-4</name>\n                        <id>5</id>\n                        <type>Long Range</type>\n                        <macaddress>00:00:00:00:00:00</macaddress>\n                        <ipaddress>127.0.0.1</ipaddress>\n                        <port>8014</port>\n                        <gain>1.0</gain>\n                        <threshold>-70</threshold>\n                        <lane>0</lane>\n                        <deviceid>0</deviceid>\n                        <x>3</x>\n                        <y>3</y>\n                        <timelasthello>1328312973097</timelasthello>\n                        <version>0.0.0.0</version>\n                        <minxbrcversion>0.0.0.0</minxbrcversion>\n                    </reader>\n                    <reader>\n                        <name>entry-3</name>\n                        <id>4</id>\n                        <type>Long Range</type>\n                        <macaddress>00:00:00:00:00:00</macaddress>\n                        <ipaddress>127.0.0.1</ipaddress>\n                        <port>8013</port>\n                        <gain>1.0</gain>\n                        <threshold>-70</threshold>\n                        <lane>0</lane>\n                        <deviceid>0</deviceid>\n                        <x>0</x>\n                        <y>3</y>\n                        <timelasthello>1328312943699</timelasthello>\n                        <version>0.0.0.0</version>\n                        <minxbrcversion>0.0.0.0</minxbrcversion>\n                    </reader>\n                    <reader>\n                        <name>entry-2</name>\n                        <id>3</id>\n                        <type>Long Range</type>\n                        <macaddress>00:00:00:00:00:00</macaddress>\n                        <ipaddress>127.0.0.1</ipaddress>\n                        <port>8012</port>\n                        <gain>1.0</gain>\n                        <threshold>-70</threshold>\n                        <lane>0</lane>\n                        <deviceid>0</deviceid>\n                        <x>3</x>\n                        <y>0</y>\n                        <timelasthello>1328312972853</timelasthello>\n                        <version>0.0.0.0</version>\n                        <minxbrcversion>0.0.0.0</minxbrcversion>\n                    </reader>\n                    <reader>\n                        <name>entry-1</name>\n                        <id>2</id>\n                        <type>Long Range</type>\n                        <macaddress>00:00:00:00:00:00</macaddress>\n                        <ipaddress>127.0.0.1</ipaddress>\n                        <port>8011</port>\n                        <gain>1.0</gain>\n                        <threshold>-70</threshold>\n                        <lane>0</lane>\n                        <deviceid>0</deviceid>\n                        <x>0</x>\n                        <y>0</y>\n                        <timelasthello>1328312973458</timelasthello>\n                        <version>0.0.0.0</version>\n                        <minxbrcversion>0.0.0.0</minxbrcversion>\n                    </reader>\n                </readers>\n            </readerlocation>\n            <readerlocation>\n                <section></section>\n                <name>UNKNOWN</name>\n                <id>0</id>\n                <type>0</type>\n                <x>0.0</x>\n                <y>0.0</y>\n                <readers>\n                </readers>\n            </readerlocation>\n        </readerlocationinfo>\n        <griditems>\n            <griditem id=\"1\" type=\"Gate\" xgrid=\"1\" ygrid=\"5\">\n                <state>HASENTERED</state>\n                <label>Entry</label>\n                <description>Entry for non-XPass guests</description>\n                <image></image>\n                <sequence>0</sequence>\n                <gueststoshow>2</gueststoshow>\n                <locationid>0</locationid>\n            </griditem>\n            <griditem id=\"2\" type=\"HPath\" xgrid=\"2\" ygrid=\"5\">\n                <state>HASENTERED</state>\n                <label></label>\n                <description>Guests have entered the attraction</description>\n                <image></image>\n                <sequence>1</sequence>\n                <gueststoshow>2</gueststoshow>\n                <locationid>0</locationid>\n            </griditem>\n            <griditem id=\"3\" type=\"HPath\" xgrid=\"3\" ygrid=\"5\">\n                <state>INDETERMINATE</state>\n                <label></label>\n                <description>Guests have entered the attraction</description>\n                <image></image>\n                <sequence>2</sequence>\n                <gueststoshow>2</gueststoshow>\n                <locationid>1</locationid>\n            </griditem>\n            <griditem id=\"4\" type=\"Gate\" xgrid=\"6\" ygrid=\"3\">\n                <state>HASMERGED</state>\n                <label>Merge</label>\n                <description>Merge point</description>\n                <image></image>\n                <sequence>0</sequence>\n                <gueststoshow>1</gueststoshow>\n                <locationid>0</locationid>\n            </griditem>\n            <griditem id=\"5\" type=\"Gate\" xgrid=\"4\" ygrid=\"3\">\n                <state>HASENTERED</state>\n                <label>XPass Entry</label>\n                <description>Entry for XPass guests</description>\n                <image>GateGreen.png</image>\n                <sequence>0</sequence>\n                <gueststoshow>1</gueststoshow>\n                <locationid>0</locationid>\n            </griditem>\n            <griditem id=\"6\" type=\"HPath\" xgrid=\"5\" ygrid=\"3\">\n                <state>HASENTERED</state>\n                <label></label>\n                <description>XPass guests have entered the attraction</description>\n                <image></image>\n                <sequence>1</sequence>\n                <gueststoshow>1</gueststoshow>\n                <locationid>0</locationid>\n            </griditem>\n            <griditem id=\"11\" type=\"Gate\" xgrid=\"7\" ygrid=\"5\">\n                <state>HASMERGED</state>\n                <label>Queue</label>\n                <description>Queue waypoint</description>\n                <image>GateRed.png</image>\n                <sequence>0</sequence>\n                <gueststoshow>0</gueststoshow>\n                <locationid>0</locationid>\n            </griditem>\n            <griditem id=\"12\" type=\"TWest\" xgrid=\"8\" ygrid=\"5\">\n                <state>HASMERGED</state>\n                <label></label>\n                <description>Guests have passed the Queue2 waypoint</description>\n                <image></image>\n                <sequence>1</sequence>\n                <gueststoshow>0</gueststoshow>\n                <locationid>0</locationid>\n            </griditem>\n            <griditem id=\"13\" type=\"ESTurn\" xgrid=\"8\" ygrid=\"4\">\n                <state>HASMERGED</state>\n                <label></label>\n                <description>Guests have passed the Queue2 waypoint</description>\n                <image></image>\n                <sequence>2</sequence>\n                <gueststoshow>0</gueststoshow>\n                <locationid>0</locationid>\n            </griditem>\n            <griditem id=\"14\" type=\"ENTurn\" xgrid=\"8\" ygrid=\"6\">\n                <state>HASMERGED</state>\n                <label></label>\n                <description>Guests have passed the Queue2 waypoint</description>\n                <image></image>\n                <sequence>3</sequence>\n                <gueststoshow>0</gueststoshow>\n                <locationid>0</locationid>\n            </griditem>\n            <griditem id=\"15\" type=\"Gate\" xgrid=\"10\" ygrid=\"4\">\n                <state></state>\n                <label>Load One</label>\n                <description>Loading point one</description>\n                <image>GateYellow.png</image>\n                <sequence>0</sequence>\n                <gueststoshow>0</gueststoshow>\n                <locationid>7</locationid>\n            </griditem>\n            <griditem id=\"16\" type=\"Gate\" xgrid=\"10\" ygrid=\"6\">\n                <state></state>\n                <label>Load Two</label>\n                <description>Loading point two</description>\n                <image>GateYellow.png</image>\n                <sequence>0</sequence>\n                <gueststoshow>0</gueststoshow>\n                <locationid>8</locationid>\n            </griditem>\n            <griditem id=\"17\" type=\"WSTurn\" xgrid=\"11\" ygrid=\"4\">\n                <state>RIDING</state>\n                <label></label>\n                <description>Guests are riding</description>\n                <image></image>\n                <sequence>1</sequence>\n                <gueststoshow>0</gueststoshow>\n                <locationid>0</locationid>\n            </griditem>\n            <griditem id=\"18\" type=\"WNTurn\" xgrid=\"11\" ygrid=\"6\">\n                <state>RIDING</state>\n                <label></label>\n                <description>Guests are riding</description>\n                <image></image>\n                <sequence>2</sequence>\n                <gueststoshow>0</gueststoshow>\n                <locationid>0</locationid>\n            </griditem>\n            <griditem id=\"19\" type=\"TEast\" xgrid=\"11\" ygrid=\"5\">\n                <state>RIDING</state>\n                <label></label>\n                <description>Guests are riding</description>\n                <image></image>\n                <sequence>3</sequence>\n                <gueststoshow>0</gueststoshow>\n                <locationid>0</locationid>\n            </griditem>\n            <griditem id=\"20\" type=\"HPath\" xgrid=\"12\" ygrid=\"5\">\n                <state>RIDING</state>\n                <label></label>\n                <description>Guests are riding</description>\n                <image></image>\n                <sequence>4</sequence>\n                <gueststoshow>0</gueststoshow>\n                <locationid>0</locationid>\n            </griditem>\n            <griditem id=\"21\" type=\"Gate\" xgrid=\"13\" ygrid=\"5\">\n                <state>EXITED</state>\n                <label>Exit</label>\n                <description>Attraction exit</description>\n                <image></image>\n                <sequence>0</sequence>\n                <gueststoshow>0</gueststoshow>\n                <locationid>0</locationid>\n            </griditem>\n            <griditem id=\"22\" type=\"HPath\" xgrid=\"14\" ygrid=\"5\">\n                <state>EXITED</state>\n                <label></label>\n                <description>Guests left the attaction</description>\n                <image></image>\n                <sequence>1</sequence>\n                <gueststoshow>0</gueststoshow>\n                <locationid>0</locationid>\n            </griditem>\n            <griditem id=\"24\" type=\"HPath\" xgrid=\"9\" ygrid=\"4\">\n                <state>HASMERGED</state>\n                <label></label>\n                <description>Guests are loading at Load One</description>\n                <image></image>\n                <sequence>4</sequence>\n                <gueststoshow>0</gueststoshow>\n                <locationid>0</locationid>\n            </griditem>\n            <griditem id=\"25\" type=\"HPath\" xgrid=\"9\" ygrid=\"6\">\n                <state>HASMERGED</state>\n                <label></label>\n                <description>Guests are loading at Load Two</description>\n                <image></image>\n                <sequence>5</sequence>\n                <gueststoshow>0</gueststoshow>\n                <locationid>0</locationid>\n            </griditem>\n            <griditem id=\"26\" type=\"VPath\" xgrid=\"6\" ygrid=\"4\">\n                <state>HASMERGED</state>\n                <label></label>\n                <description>XPass guests passed the Merge point</description>\n                <image></image>\n                <sequence>1</sequence>\n                <gueststoshow>1</gueststoshow>\n                <locationid>0</locationid>\n            </griditem>\n            <griditem id=\"27\" type=\"Gate\" xgrid=\"4\" ygrid=\"5\">\n                <state>HASMERGED</state>\n                <label>LRR  Merge</label>\n                <description></description>\n                <image>Gate.png</image>\n                <sequence>1</sequence>\n                <gueststoshow>2</gueststoshow>\n                <locationid>0</locationid>\n            </griditem>\n            <griditem id=\"28\" type=\"HPath\" xgrid=\"5\" ygrid=\"5\">\n                <state>HASMERGED</state>\n                <label></label>\n                <description></description>\n                <image></image>\n                <sequence>1</sequence>\n                <gueststoshow>2</gueststoshow>\n                <locationid>0</locationid>\n            </griditem>\n            <griditem id=\"29\" type=\"TNorth\" xgrid=\"6\" ygrid=\"5\">\n                <state>INDETERMINATE</state>\n                <label></label>\n                <description></description>\n                <image></image>\n                <sequence>0</sequence>\n                <gueststoshow>0</gueststoshow>\n                <locationid>0</locationid>\n            </griditem>\n        </griditems>\n        <model>\n        </model>\n    </configuration>\n</venue>\n'),(16,'conf2','Created on: 2012-02-07T05:00:20.434','class com.disney.xband.xbrc.attractionmodel.CEP','<venue name=\"80010114\" time=\"2012-02-07T05:00:20.436\">\n    <configuration name=\"conf2\" type=\"full\">\n        <description/>\n        <properties>\n            <property class=\"AttractionModelConfig\"  name=\"abandonmenttimeout\">60</property>\n            <property class=\"AttractionModelConfig\"  name=\"bluelightduration\">2500</property>\n            <property class=\"AttractionModelConfig\"  name=\"deferentrymessages\">true</property>\n            <property class=\"AttractionModelConfig\"  name=\"errorlightperiod\">250</property>\n            <property class=\"AttractionModelConfig\"  name=\"errorpattern\">bnb</property>\n            <property class=\"AttractionModelConfig\"  name=\"exitstatetimeout\">120</property>\n            <property class=\"AttractionModelConfig\"  name=\"greenlightduration\">1000</property>\n            <property class=\"AttractionModelConfig\"  name=\"greenlightevent\">green</property>\n            <property class=\"AttractionModelConfig\"  name=\"gstsaveperiod\">1000</property>\n            <property class=\"AttractionModelConfig\"  name=\"gxpurl\">#</property>\n            <property class=\"AttractionModelConfig\"  name=\"loadtype\">trailing</property>\n            <property class=\"AttractionModelConfig\"  name=\"metricsperiod\">15</property>\n            <property class=\"AttractionModelConfig\"  name=\"onridetimeout\">2</property>\n            <property class=\"AttractionModelConfig\"  name=\"sbluelightevent\">blue</property>\n            <property class=\"ControllerInfo\"  name=\"adjusteventtimes\">true</property>\n            <property class=\"ControllerInfo\"  name=\"bioimagecapure\">false</property>\n            <property class=\"ControllerInfo\"  name=\"dateformat\">yyyy-MM-dd HH:mm:ss z</property>\n            <property class=\"ControllerInfo\"  name=\"discoverynetprefix\">10.</property>\n            <property class=\"ControllerInfo\"  name=\"eventdumpfile\">eventdump.txt</property>\n            <property class=\"ControllerInfo\"  name=\"eventprocessingperiod_msec\">200</property>\n            <property class=\"ControllerInfo\"  name=\"eventsperbatch\">500</property>\n            <property class=\"ControllerInfo\"  name=\"httpport\">8080</property>\n            <property class=\"ControllerInfo\"  name=\"httpsport\">0</property>\n            <property class=\"ControllerInfo\"  name=\"idmscachetime_sec\">1800</property>\n            <property class=\"ControllerInfo\"  name=\"jmsretryperiod\">1000</property>\n            <property class=\"ControllerInfo\"  name=\"maxreadsbeforepurge\">8</property>\n            <property class=\"ControllerInfo\"  name=\"messagestorageperiod\">3600</property>\n            <property class=\"ControllerInfo\"  name=\"metricsperiod\">15</property>\n            <property class=\"ControllerInfo\"  name=\"model\">com.disney.xband.xbrc.attractionmodel.CEP</property>\n            <property class=\"ControllerInfo\"  name=\"onridetimeout\">2</property>\n            <property class=\"ControllerInfo\"  name=\"ownipprefix\">10.</property>\n            <property class=\"ControllerInfo\"  name=\"pass\">Mayhem!23</property>\n            <property class=\"ControllerInfo\"  name=\"perfmetrics\">15</property>\n            <property class=\"ControllerInfo\"  name=\"perfmetricsperiod\">15</property>\n            <property class=\"ControllerInfo\"  name=\"pushmode\">true</property>\n            <property class=\"ControllerInfo\"  name=\"readerdatasendperiod_msec\">100</property>\n            <property class=\"ControllerInfo\"  name=\"readerhellotimeoutsec\">90</property>\n            <property class=\"ControllerInfo\"  name=\"readerhttptimeout_msec\">3000</property>\n            <property class=\"ControllerInfo\"  name=\"readertestmode\">false</property>\n            <property class=\"ControllerInfo\"  name=\"reducedataslicing\">true</property>\n            <property class=\"ControllerInfo\"  name=\"reversetapids\">false</property>\n            <property class=\"ControllerInfo\"  name=\"rfidtestmode\">false</property>\n            <property class=\"ControllerInfo\"  name=\"securetapid\">false</property>\n            <property class=\"ControllerInfo\"  name=\"setreadertime\">true</property>\n            <property class=\"ControllerInfo\"  name=\"singulationalgorithm\">max</property>\n            <property class=\"ControllerInfo\"  name=\"snmp_enabled\">false</property>\n            <property class=\"ControllerInfo\"  name=\"statesaveperiod_sec\">1000</property>\n            <property class=\"ControllerInfo\"  name=\"updatestreamhttptimeout_msec\">2000</property>\n            <property class=\"ControllerInfo\"  name=\"updatestreamurl\"></property>\n            <property class=\"ControllerInfo\"  name=\"user\">EMUser</property>\n            <property class=\"ControllerInfo\"  name=\"venue\">80010114</property>\n            <property class=\"ControllerInfo\"  name=\"verbose\">false</property>\n            <property class=\"ControllerInfo\"  name=\"watchedbandtimeout\">180</property>\n            <property class=\"ControllerInfo\"  name=\"wwwdir\">/usr/share/xbrc/www</property>\n            <property class=\"ControllerInfo\"  name=\"xviewurl\">http://localhost:8090/Xview</property>\n            <property class=\"ESBInfo\"  name=\"jmsbroker\">#10.75.3.57:2506</property>\n            <property class=\"ESBInfo\"  name=\"jmsdiscoverytimesec\">60</property>\n            <property class=\"ESBInfo\"  name=\"jmspassword\">Administrator</property>\n            <property class=\"ESBInfo\"  name=\"jmsqueryqueue\">disney.xband.xbrc.queryqueue</property>\n            <property class=\"ESBInfo\"  name=\"jmsrequestqueue\">com.synapse.xbrcIn</property>\n            <property class=\"ESBInfo\"  name=\"jmstopic\">com.synapse.xbrc</property>\n            <property class=\"ESBInfo\"  name=\"jmsuser\">Administrator</property>\n            <property class=\"EventConfig\"  name=\"amplifiedsignalstrengthmax\">-40</property>\n            <property class=\"EventConfig\"  name=\"amplifiedsignalstrengthmin\">-90</property>\n            <property class=\"EventConfig\"  name=\"deltatime\">3000</property>\n            <property class=\"ReaderConfig\"  name=\"gainsliderincrement\">0.1</property>\n            <property class=\"ReaderConfig\"  name=\"initialized\">false</property>\n            <property class=\"ReaderConfig\"  name=\"maximumgain\">2.0</property>\n            <property class=\"ReaderConfig\"  name=\"maximumthreshold\">63</property>\n            <property class=\"ReaderConfig\"  name=\"minimumgain\">-1.0</property>\n            <property class=\"ReaderConfig\"  name=\"minimumthreshold\">0</property>\n            <property class=\"ReaderConfig\"  name=\"minnormaltemperature\">19.0</property>\n            <property class=\"ReaderConfig\"  name=\"mmaxnormaltemperature\">22.0</property>\n            <property class=\"ReaderConfig\"  name=\"temperaturetoohigh\">25.0</property>\n            <property class=\"ReaderConfig\"  name=\"thresholdsliderincrement\">1</property>\n            <property class=\"ReaderConfig\"  name=\"xbrcconfigmodseq\">2</property>\n            <property class=\"ServiceLocator\"  name=\"service_implementor_suffix\">Imp</property>\n            <property class=\"UIAttractionViewConfig\"  name=\"gridheight\">9</property>\n            <property class=\"UIAttractionViewConfig\"  name=\"gridsize\">50</property>\n            <property class=\"UIAttractionViewConfig\"  name=\"gridwidth\">18</property>\n            <property class=\"UIAttractionViewConfig\"  name=\"guesticonheight\">24</property>\n            <property class=\"UIAttractionViewConfig\"  name=\"guesticonspacing\">10</property>\n            <property class=\"UIAttractionViewConfig\"  name=\"guesticonstagger\">4</property>\n            <property class=\"UIAttractionViewConfig\"  name=\"guesticonwidth\">24</property>\n            <property class=\"UIAttractionViewConfig\"  name=\"maxguestspericon\">5</property>\n            <property class=\"UIAttractionViewConfig\"  name=\"maxiconspergriditem\">3</property>\n            <property class=\"UIConfig\"  name=\"controllerurl\">http://localhost:8080</property>\n            <property class=\"UIConfig\"  name=\"guestxviewcachetimesec\">1800</property>\n            <property class=\"UIConfig\"  name=\"xviewurl\">http://localhost:8090/Xview</property>\n        </properties>\n        <readerlocationinfo>\n            <readerlocation>\n                <section></section>\n                <name>Load2</name>\n                <id>8</id>\n                <type>4</type>\n                <x>76.0</x>\n                <y>76.0</y>\n                <readers>\n                    <reader>\n                        <name>load2-4</name>\n                        <id>27</id>\n                        <type>Long Range</type>\n                        <macaddress>00:00:00:00:00:00</macaddress>\n                        <ipaddress>127.0.0.1</ipaddress>\n                        <port>8084</port>\n                        <gain>1.0</gain>\n                        <threshold>-70</threshold>\n                        <lane>0</lane>\n                        <deviceid>0</deviceid>\n                        <x>78</x>\n                        <y>13</y>\n                        <timelasthello>1328590664205</timelasthello>\n                        <version>null</version>\n                        <minxbrcversion>null</minxbrcversion>\n                    </reader>\n                    <reader>\n                        <name>load2-3</name>\n                        <id>26</id>\n                        <type>Long Range</type>\n                        <macaddress>00:00:00:00:00:00</macaddress>\n                        <ipaddress>127.0.0.1</ipaddress>\n                        <port>8083</port>\n                        <gain>1.0</gain>\n                        <threshold>-70</threshold>\n                        <lane>0</lane>\n                        <deviceid>0</deviceid>\n                        <x>75</x>\n                        <y>13</y>\n                        <timelasthello>1328590664208</timelasthello>\n                        <version>null</version>\n                        <minxbrcversion>null</minxbrcversion>\n                    </reader>\n                    <reader>\n                        <name>load2-2</name>\n                        <id>25</id>\n                        <type>Long Range</type>\n                        <macaddress>00:00:00:00:00:00</macaddress>\n                        <ipaddress>127.0.0.1</ipaddress>\n                        <port>8082</port>\n                        <gain>1.0</gain>\n                        <threshold>-70</threshold>\n                        <lane>0</lane>\n                        <deviceid>0</deviceid>\n                        <x>78</x>\n                        <y>10</y>\n                        <timelasthello>1328590664211</timelasthello>\n                        <version>null</version>\n                        <minxbrcversion>null</minxbrcversion>\n                    </reader>\n                    <reader>\n                        <name>load2-1</name>\n                        <id>24</id>\n                        <type>Long Range</type>\n                        <macaddress>00:00:00:00:00:00</macaddress>\n                        <ipaddress>127.0.0.1</ipaddress>\n                        <port>8081</port>\n                        <gain>1.0</gain>\n                        <threshold>-70</threshold>\n                        <lane>0</lane>\n                        <deviceid>0</deviceid>\n                        <x>75</x>\n                        <y>10</y>\n                        <timelasthello>1328590664216</timelasthello>\n                        <version>null</version>\n                        <minxbrcversion>null</minxbrcversion>\n                    </reader>\n                </readers>\n            </readerlocation>\n            <readerlocation>\n                <section></section>\n                <name>Load1</name>\n                <id>7</id>\n                <type>4</type>\n                <x>76.0</x>\n                <y>76.0</y>\n                <readers>\n                    <reader>\n                        <name>load1-4</name>\n                        <id>23</id>\n                        <type>Long Range</type>\n                        <macaddress>00:00:00:00:00:00</macaddress>\n                        <ipaddress>127.0.0.1</ipaddress>\n                        <port>8074</port>\n                        <gain>1.0</gain>\n                        <threshold>-70</threshold>\n                        <lane>0</lane>\n                        <deviceid>0</deviceid>\n                        <x>78</x>\n                        <y>3</y>\n                        <timelasthello>1328590664237</timelasthello>\n                        <version>null</version>\n                        <minxbrcversion>null</minxbrcversion>\n                    </reader>\n                    <reader>\n                        <name>load1-3</name>\n                        <id>22</id>\n                        <type>Long Range</type>\n                        <macaddress>00:00:00:00:00:00</macaddress>\n                        <ipaddress>127.0.0.1</ipaddress>\n                        <port>8073</port>\n                        <gain>1.0</gain>\n                        <threshold>-70</threshold>\n                        <lane>0</lane>\n                        <deviceid>0</deviceid>\n                        <x>75</x>\n                        <y>3</y>\n                        <timelasthello>1328590664240</timelasthello>\n                        <version>null</version>\n                        <minxbrcversion>null</minxbrcversion>\n                    </reader>\n                    <reader>\n                        <name>load1-2</name>\n                        <id>21</id>\n                        <type>Long Range</type>\n                        <macaddress>00:00:00:00:00:00</macaddress>\n                        <ipaddress>127.0.0.1</ipaddress>\n                        <port>8072</port>\n                        <gain>1.0</gain>\n                        <threshold>-70</threshold>\n                        <lane>0</lane>\n                        <deviceid>0</deviceid>\n                        <x>78</x>\n                        <y>0</y>\n                        <timelasthello>1328590664243</timelasthello>\n                        <version>null</version>\n                        <minxbrcversion>null</minxbrcversion>\n                    </reader>\n                    <reader>\n                        <name>load1-1</name>\n                        <id>20</id>\n                        <type>Long Range</type>\n                        <macaddress>00:00:00:00:00:00</macaddress>\n                        <ipaddress>127.0.0.1</ipaddress>\n                        <port>8071</port>\n                        <gain>1.0</gain>\n                        <threshold>-70</threshold>\n                        <lane>0</lane>\n                        <deviceid>0</deviceid>\n                        <x>75</x>\n                        <y>0</y>\n                        <timelasthello>1328590664246</timelasthello>\n                        <version>null</version>\n                        <minxbrcversion>null</minxbrcversion>\n                    </reader>\n                </readers>\n            </readerlocation>\n            <readerlocation>\n                <section></section>\n                <name>Exit</name>\n                <id>6</id>\n                <type>3</type>\n                <x>101.0</x>\n                <y>101.0</y>\n                <readers>\n                    <reader>\n                        <name>exit-4</name>\n                        <id>19</id>\n                        <type>Long Range</type>\n                        <macaddress>00:00:00:00:00:00</macaddress>\n                        <ipaddress>127.0.0.1</ipaddress>\n                        <port>8064</port>\n                        <gain>1.0</gain>\n                        <threshold>-70</threshold>\n                        <lane>0</lane>\n                        <deviceid>0</deviceid>\n                        <x>103</x>\n                        <y>8</y>\n                        <timelasthello>1328590664252</timelasthello>\n                        <version>null</version>\n                        <minxbrcversion>null</minxbrcversion>\n                    </reader>\n                    <reader>\n                        <name>exit-3</name>\n                        <id>18</id>\n                        <type>Long Range</type>\n                        <macaddress>00:00:00:00:00:00</macaddress>\n                        <ipaddress>127.0.0.1</ipaddress>\n                        <port>8063</port>\n                        <gain>1.0</gain>\n                        <threshold>-70</threshold>\n                        <lane>0</lane>\n                        <deviceid>0</deviceid>\n                        <x>100</x>\n                        <y>8</y>\n                        <timelasthello>1328590664256</timelasthello>\n                        <version>null</version>\n                        <minxbrcversion>null</minxbrcversion>\n                    </reader>\n                    <reader>\n                        <name>exit-2</name>\n                        <id>17</id>\n                        <type>Long Range</type>\n                        <macaddress>00:00:00:00:00:00</macaddress>\n                        <ipaddress>127.0.0.1</ipaddress>\n                        <port>8062</port>\n                        <gain>1.0</gain>\n                        <threshold>-70</threshold>\n                        <lane>0</lane>\n                        <deviceid>0</deviceid>\n                        <x>103</x>\n                        <y>5</y>\n                        <timelasthello>1328590664272</timelasthello>\n                        <version>null</version>\n                        <minxbrcversion>null</minxbrcversion>\n                    </reader>\n                    <reader>\n                        <name>exit-1</name>\n                        <id>16</id>\n                        <type>Long Range</type>\n                        <macaddress>00:00:00:00:00:00</macaddress>\n                        <ipaddress>127.0.0.1</ipaddress>\n                        <port>8061</port>\n                        <gain>1.0</gain>\n                        <threshold>-70</threshold>\n                        <lane>0</lane>\n                        <deviceid>0</deviceid>\n                        <x>100</x>\n                        <y>5</y>\n                        <timelasthello>1328590664275</timelasthello>\n                        <version>null</version>\n                        <minxbrcversion>null</minxbrcversion>\n                    </reader>\n                </readers>\n            </readerlocation>\n            <readerlocation>\n                <section></section>\n                <name>xPassEntry</name>\n                <id>5</id>\n                <type>7</type>\n                <x>10.0</x>\n                <y>10.0</y>\n                <readers>\n                    <reader>\n                        <name>xpassentry</name>\n                        <id>15</id>\n                        <type>Tap</type>\n                        <macaddress>00:00:00:00:00:00</macaddress>\n                        <ipaddress>127.0.0.1</ipaddress>\n                        <port>8051</port>\n                        <gain>1.0</gain>\n                        <threshold>0</threshold>\n                        <lane>0</lane>\n                        <deviceid>0</deviceid>\n                        <x>8</x>\n                        <y>10</y>\n                        <timelasthello>1328590664315</timelasthello>\n                        <version>null</version>\n                        <minxbrcversion>null</minxbrcversion>\n                    </reader>\n                </readers>\n            </readerlocation>\n            <readerlocation>\n                <section></section>\n                <name>Merge</name>\n                <id>4</id>\n                <type>6</type>\n                <x>15.0</x>\n                <y>15.0</y>\n                <readers>\n                    <reader>\n                        <name>merge</name>\n                        <id>14</id>\n                        <type>Tap</type>\n                        <macaddress>00:00:00:00:00:00</macaddress>\n                        <ipaddress>127.0.0.1</ipaddress>\n                        <port>8041</port>\n                        <gain>1.0</gain>\n                        <threshold>0</threshold>\n                        <lane>0</lane>\n                        <deviceid>0</deviceid>\n                        <x>15</x>\n                        <y>10</y>\n                        <timelasthello>1328590664319</timelasthello>\n                        <version>null</version>\n                        <minxbrcversion>null</minxbrcversion>\n                    </reader>\n                </readers>\n            </readerlocation>\n            <readerlocation>\n                <section></section>\n                <name>MergeLRR</name>\n                <id>3</id>\n                <type>6</type>\n                <x>15.0</x>\n                <y>15.0</y>\n                <readers>\n                    <reader>\n                        <name>mergelrr-4</name>\n                        <id>13</id>\n                        <type>Long Range</type>\n                        <macaddress>00:00:00:00:00:00</macaddress>\n                        <ipaddress>127.0.0.1</ipaddress>\n                        <port>8034</port>\n                        <gain>1.0</gain>\n                        <threshold>-70</threshold>\n                        <lane>0</lane>\n                        <deviceid>0</deviceid>\n                        <x>18</x>\n                        <y>8</y>\n                        <timelasthello>1328590664348</timelasthello>\n                        <version>null</version>\n                        <minxbrcversion>null</minxbrcversion>\n                    </reader>\n                    <reader>\n                        <name>mergelrr-3</name>\n                        <id>12</id>\n                        <type>Long Range</type>\n                        <macaddress>00:00:00:00:00:00</macaddress>\n                        <ipaddress>127.0.0.1</ipaddress>\n                        <port>8033</port>\n                        <gain>1.0</gain>\n                        <threshold>-70</threshold>\n                        <lane>0</lane>\n                        <deviceid>0</deviceid>\n                        <x>15</x>\n                        <y>8</y>\n                        <timelasthello>1328590664352</timelasthello>\n                        <version>null</version>\n                        <minxbrcversion>null</minxbrcversion>\n                    </reader>\n                    <reader>\n                        <name>mergelrr-2</name>\n                        <id>11</id>\n                        <type>Long Range</type>\n                        <macaddress>00:00:00:00:00:00</macaddress>\n                        <ipaddress>127.0.0.1</ipaddress>\n                        <port>8032</port>\n                        <gain>1.0</gain>\n                        <threshold>-70</threshold>\n                        <lane>0</lane>\n                        <deviceid>0</deviceid>\n                        <x>18</x>\n                        <y>5</y>\n                        <timelasthello>1328590664360</timelasthello>\n                        <version>null</version>\n                        <minxbrcversion>null</minxbrcversion>\n                    </reader>\n                    <reader>\n                        <name>mergelrr-1</name>\n                        <id>10</id>\n                        <type>Long Range</type>\n                        <macaddress>00:00:00:00:00:00</macaddress>\n                        <ipaddress>127.0.0.1</ipaddress>\n                        <port>8031</port>\n                        <gain>1.0</gain>\n                        <threshold>-70</threshold>\n                        <lane>0</lane>\n                        <deviceid>0</deviceid>\n                        <x>15</x>\n                        <y>5</y>\n                        <timelasthello>1328590664371</timelasthello>\n                        <version>null</version>\n                        <minxbrcversion>null</minxbrcversion>\n                    </reader>\n                </readers>\n            </readerlocation>\n            <readerlocation>\n                <section></section>\n                <name>Queue</name>\n                <id>2</id>\n                <type>2</type>\n                <x>51.0</x>\n                <y>51.0</y>\n                <readers>\n                    <reader>\n                        <name>queue-4</name>\n                        <id>9</id>\n                        <type>Long Range</type>\n                        <macaddress>00:00:00:00:00:00</macaddress>\n                        <ipaddress>127.0.0.1</ipaddress>\n                        <port>8024</port>\n                        <gain>1.0</gain>\n                        <threshold>-70</threshold>\n                        <lane>0</lane>\n                        <deviceid>0</deviceid>\n                        <x>53</x>\n                        <y>8</y>\n                        <timelasthello>1328590664386</timelasthello>\n                        <version>null</version>\n                        <minxbrcversion>null</minxbrcversion>\n                    </reader>\n                    <reader>\n                        <name>queue-3</name>\n                        <id>8</id>\n                        <type>Long Range</type>\n                        <macaddress>00:00:00:00:00:00</macaddress>\n                        <ipaddress>127.0.0.1</ipaddress>\n                        <port>8023</port>\n                        <gain>1.0</gain>\n                        <threshold>-70</threshold>\n                        <lane>0</lane>\n                        <deviceid>0</deviceid>\n                        <x>50</x>\n                        <y>8</y>\n                        <timelasthello>1328590664406</timelasthello>\n                        <version>null</version>\n                        <minxbrcversion>null</minxbrcversion>\n                    </reader>\n                    <reader>\n                        <name>queue-2</name>\n                        <id>7</id>\n                        <type>Long Range</type>\n                        <macaddress>00:00:00:00:00:00</macaddress>\n                        <ipaddress>127.0.0.1</ipaddress>\n                        <port>8022</port>\n                        <gain>1.0</gain>\n                        <threshold>-70</threshold>\n                        <lane>0</lane>\n                        <deviceid>0</deviceid>\n                        <x>53</x>\n                        <y>5</y>\n                        <timelasthello>1328590664416</timelasthello>\n                        <version>null</version>\n                        <minxbrcversion>null</minxbrcversion>\n                    </reader>\n                    <reader>\n                        <name>queue-1</name>\n                        <id>6</id>\n                        <type>Long Range</type>\n                        <macaddress>00:00:00:00:00:00</macaddress>\n                        <ipaddress>127.0.0.1</ipaddress>\n                        <port>8021</port>\n                        <gain>1.0</gain>\n                        <threshold>-70</threshold>\n                        <lane>0</lane>\n                        <deviceid>0</deviceid>\n                        <x>50</x>\n                        <y>5</y>\n                        <timelasthello>1328590664427</timelasthello>\n                        <version>null</version>\n                        <minxbrcversion>null</minxbrcversion>\n                    </reader>\n                </readers>\n            </readerlocation>\n            <readerlocation>\n                <section></section>\n                <name>Entry</name>\n                <id>1</id>\n                <type>1</type>\n                <x>1.0</x>\n                <y>1.0</y>\n                <readers>\n                    <reader>\n                        <name>entry-4</name>\n                        <id>5</id>\n                        <type>Long Range</type>\n                        <macaddress>00:00:00:00:00:00</macaddress>\n                        <ipaddress>127.0.0.1</ipaddress>\n                        <port>8014</port>\n                        <gain>1.0</gain>\n                        <threshold>-70</threshold>\n                        <lane>0</lane>\n                        <deviceid>0</deviceid>\n                        <x>3</x>\n                        <y>3</y>\n                        <timelasthello>1328590664450</timelasthello>\n                        <version>null</version>\n                        <minxbrcversion>null</minxbrcversion>\n                    </reader>\n                    <reader>\n                        <name>entry-3</name>\n                        <id>4</id>\n                        <type>Long Range</type>\n                        <macaddress>00:00:00:00:00:00</macaddress>\n                        <ipaddress>127.0.0.1</ipaddress>\n                        <port>8013</port>\n                        <gain>1.0</gain>\n                        <threshold>-70</threshold>\n                        <lane>0</lane>\n                        <deviceid>0</deviceid>\n                        <x>0</x>\n                        <y>3</y>\n                        <timelasthello>1328590664461</timelasthello>\n                        <version>null</version>\n                        <minxbrcversion>null</minxbrcversion>\n                    </reader>\n                    <reader>\n                        <name>entry-2</name>\n                        <id>3</id>\n                        <type>Long Range</type>\n                        <macaddress>00:00:00:00:00:00</macaddress>\n                        <ipaddress>127.0.0.1</ipaddress>\n                        <port>8012</port>\n                        <gain>1.0</gain>\n                        <threshold>-70</threshold>\n                        <lane>0</lane>\n                        <deviceid>0</deviceid>\n                        <x>3</x>\n                        <y>0</y>\n                        <timelasthello>1328590664474</timelasthello>\n                        <version>null</version>\n                        <minxbrcversion>null</minxbrcversion>\n                    </reader>\n                    <reader>\n                        <name>entry-1</name>\n                        <id>2</id>\n                        <type>Long Range</type>\n                        <macaddress>00:00:00:00:00:00</macaddress>\n                        <ipaddress>127.0.0.1</ipaddress>\n                        <port>8011</port>\n                        <gain>1.0</gain>\n                        <threshold>-70</threshold>\n                        <lane>0</lane>\n                        <deviceid>0</deviceid>\n                        <x>0</x>\n                        <y>0</y>\n                        <timelasthello>1328590664479</timelasthello>\n                        <version>null</version>\n                        <minxbrcversion>null</minxbrcversion>\n                    </reader>\n                </readers>\n            </readerlocation>\n            <readerlocation>\n                <section></section>\n                <name>UNKNOWN</name>\n                <id>0</id>\n                <type>0</type>\n                <x>0.0</x>\n                <y>0.0</y>\n                <readers>\n                </readers>\n            </readerlocation>\n        </readerlocationinfo>\n        <griditems>\n            <griditem id=\"1\" type=\"Gate\" xgrid=\"1\" ygrid=\"5\">\n                <state>HASENTERED</state>\n                <label>Entry</label>\n                <description>Entry for non-XPass guests</description>\n                <image></image>\n                <sequence>0</sequence>\n                <gueststoshow>2</gueststoshow>\n                <locationid>0</locationid>\n            </griditem>\n            <griditem id=\"2\" type=\"HPath\" xgrid=\"2\" ygrid=\"5\">\n                <state>HASENTERED</state>\n                <label></label>\n                <description>Guests have entered the attraction</description>\n                <image></image>\n                <sequence>1</sequence>\n                <gueststoshow>2</gueststoshow>\n                <locationid>0</locationid>\n            </griditem>\n            <griditem id=\"3\" type=\"HPath\" xgrid=\"3\" ygrid=\"5\">\n                <state>INDETERMINATE</state>\n                <label></label>\n                <description>Guests have entered the attraction</description>\n                <image></image>\n                <sequence>2</sequence>\n                <gueststoshow>2</gueststoshow>\n                <locationid>1</locationid>\n            </griditem>\n            <griditem id=\"4\" type=\"Gate\" xgrid=\"6\" ygrid=\"3\">\n                <state>HASMERGED</state>\n                <label>Merge</label>\n                <description>Merge point</description>\n                <image></image>\n                <sequence>0</sequence>\n                <gueststoshow>1</gueststoshow>\n                <locationid>0</locationid>\n            </griditem>\n            <griditem id=\"5\" type=\"Gate\" xgrid=\"4\" ygrid=\"3\">\n                <state>HASENTERED</state>\n                <label>XPass Entry</label>\n                <description>Entry for XPass guests</description>\n                <image>GateGreen.png</image>\n                <sequence>0</sequence>\n                <gueststoshow>1</gueststoshow>\n                <locationid>0</locationid>\n            </griditem>\n            <griditem id=\"6\" type=\"HPath\" xgrid=\"5\" ygrid=\"3\">\n                <state>HASENTERED</state>\n                <label></label>\n                <description>XPass guests have entered the attraction</description>\n                <image></image>\n                <sequence>1</sequence>\n                <gueststoshow>1</gueststoshow>\n                <locationid>0</locationid>\n            </griditem>\n            <griditem id=\"11\" type=\"Gate\" xgrid=\"7\" ygrid=\"5\">\n                <state>HASMERGED</state>\n                <label>Queue</label>\n                <description>Queue waypoint</description>\n                <image>GateRed.png</image>\n                <sequence>0</sequence>\n                <gueststoshow>0</gueststoshow>\n                <locationid>0</locationid>\n            </griditem>\n            <griditem id=\"12\" type=\"TWest\" xgrid=\"8\" ygrid=\"5\">\n                <state>HASMERGED</state>\n                <label></label>\n                <description>Guests have passed the Queue2 waypoint</description>\n                <image></image>\n                <sequence>1</sequence>\n                <gueststoshow>0</gueststoshow>\n                <locationid>0</locationid>\n            </griditem>\n            <griditem id=\"13\" type=\"ESTurn\" xgrid=\"8\" ygrid=\"4\">\n                <state>HASMERGED</state>\n                <label></label>\n                <description>Guests have passed the Queue2 waypoint</description>\n                <image></image>\n                <sequence>2</sequence>\n                <gueststoshow>0</gueststoshow>\n                <locationid>0</locationid>\n            </griditem>\n            <griditem id=\"14\" type=\"ENTurn\" xgrid=\"8\" ygrid=\"6\">\n                <state>HASMERGED</state>\n                <label></label>\n                <description>Guests have passed the Queue2 waypoint</description>\n                <image></image>\n                <sequence>3</sequence>\n                <gueststoshow>0</gueststoshow>\n                <locationid>0</locationid>\n            </griditem>\n            <griditem id=\"15\" type=\"Gate\" xgrid=\"10\" ygrid=\"4\">\n                <state></state>\n                <label>Load One</label>\n                <description>Loading point one</description>\n                <image>GateYellow.png</image>\n                <sequence>0</sequence>\n                <gueststoshow>0</gueststoshow>\n                <locationid>7</locationid>\n            </griditem>\n            <griditem id=\"16\" type=\"Gate\" xgrid=\"10\" ygrid=\"6\">\n                <state></state>\n                <label>Load Two</label>\n                <description>Loading point two</description>\n                <image>GateYellow.png</image>\n                <sequence>0</sequence>\n                <gueststoshow>0</gueststoshow>\n                <locationid>8</locationid>\n            </griditem>\n            <griditem id=\"17\" type=\"WSTurn\" xgrid=\"11\" ygrid=\"4\">\n                <state>RIDING</state>\n                <label></label>\n                <description>Guests are riding</description>\n                <image></image>\n                <sequence>1</sequence>\n                <gueststoshow>0</gueststoshow>\n                <locationid>0</locationid>\n            </griditem>\n            <griditem id=\"18\" type=\"WNTurn\" xgrid=\"11\" ygrid=\"6\">\n                <state>RIDING</state>\n                <label></label>\n                <description>Guests are riding</description>\n                <image></image>\n                <sequence>2</sequence>\n                <gueststoshow>0</gueststoshow>\n                <locationid>0</locationid>\n            </griditem>\n            <griditem id=\"19\" type=\"TEast\" xgrid=\"11\" ygrid=\"5\">\n                <state>RIDING</state>\n                <label></label>\n                <description>Guests are riding</description>\n                <image></image>\n                <sequence>3</sequence>\n                <gueststoshow>0</gueststoshow>\n                <locationid>0</locationid>\n            </griditem>\n            <griditem id=\"20\" type=\"HPath\" xgrid=\"12\" ygrid=\"5\">\n                <state>RIDING</state>\n                <label></label>\n                <description>Guests are riding</description>\n                <image></image>\n                <sequence>4</sequence>\n                <gueststoshow>0</gueststoshow>\n                <locationid>0</locationid>\n            </griditem>\n            <griditem id=\"21\" type=\"Gate\" xgrid=\"13\" ygrid=\"5\">\n                <state>EXITED</state>\n                <label>Exit</label>\n                <description>Attraction exit</description>\n                <image></image>\n                <sequence>0</sequence>\n                <gueststoshow>0</gueststoshow>\n                <locationid>0</locationid>\n            </griditem>\n            <griditem id=\"22\" type=\"HPath\" xgrid=\"14\" ygrid=\"5\">\n                <state>EXITED</state>\n                <label></label>\n                <description>Guests left the attaction</description>\n                <image></image>\n                <sequence>1</sequence>\n                <gueststoshow>0</gueststoshow>\n                <locationid>0</locationid>\n            </griditem>\n            <griditem id=\"24\" type=\"HPath\" xgrid=\"9\" ygrid=\"4\">\n                <state>HASMERGED</state>\n                <label></label>\n                <description>Guests are loading at Load One</description>\n                <image></image>\n                <sequence>4</sequence>\n                <gueststoshow>0</gueststoshow>\n                <locationid>0</locationid>\n            </griditem>\n            <griditem id=\"25\" type=\"HPath\" xgrid=\"9\" ygrid=\"6\">\n                <state>HASMERGED</state>\n                <label></label>\n                <description>Guests are loading at Load Two</description>\n                <image></image>\n                <sequence>5</sequence>\n                <gueststoshow>0</gueststoshow>\n                <locationid>0</locationid>\n            </griditem>\n            <griditem id=\"26\" type=\"VPath\" xgrid=\"6\" ygrid=\"4\">\n                <state>HASMERGED</state>\n                <label></label>\n                <description>XPass guests passed the Merge point</description>\n                <image></image>\n                <sequence>1</sequence>\n                <gueststoshow>1</gueststoshow>\n                <locationid>0</locationid>\n            </griditem>\n            <griditem id=\"27\" type=\"Gate\" xgrid=\"4\" ygrid=\"5\">\n                <state>HASMERGED</state>\n                <label>LRR  Merge</label>\n                <description></description>\n                <image>Gate.png</image>\n                <sequence>1</sequence>\n                <gueststoshow>2</gueststoshow>\n                <locationid>0</locationid>\n            </griditem>\n            <griditem id=\"28\" type=\"HPath\" xgrid=\"5\" ygrid=\"5\">\n                <state>HASMERGED</state>\n                <label></label>\n                <description></description>\n                <image></image>\n                <sequence>1</sequence>\n                <gueststoshow>2</gueststoshow>\n                <locationid>0</locationid>\n            </griditem>\n            <griditem id=\"29\" type=\"TNorth\" xgrid=\"6\" ygrid=\"5\">\n                <state>INDETERMINATE</state>\n                <label></label>\n                <description></description>\n                <image></image>\n                <sequence>0</sequence>\n                <gueststoshow>0</gueststoshow>\n                <locationid>0</locationid>\n            </griditem>\n        </griditems>\n        <model>\n        </model>\n    </configuration>\n</venue>\n'),(17,'new','Created on: 2012-02-07T19:10:21.544','class com.disney.xband.xbrc.attractionmodel.CEP','<venue name=\"80010114\" time=\"2012-02-07T19:10:21.544\">\n    <configuration name=\"new\" type=\"full\">\n        <description/>\n        <properties>\n            <property class=\"AttractionModelConfig\"  name=\"abandonmenttimeout\">60</property>\n            <property class=\"AttractionModelConfig\"  name=\"bluelightduration\">2500</property>\n            <property class=\"AttractionModelConfig\"  name=\"deferentrymessages\">true</property>\n            <property class=\"AttractionModelConfig\"  name=\"errorlightperiod\">250</property>\n            <property class=\"AttractionModelConfig\"  name=\"errorpattern\">bnb</property>\n            <property class=\"AttractionModelConfig\"  name=\"exitstatetimeout\">120</property>\n            <property class=\"AttractionModelConfig\"  name=\"greenlightduration\">1000</property>\n            <property class=\"AttractionModelConfig\"  name=\"greenlightevent\">green</property>\n            <property class=\"AttractionModelConfig\"  name=\"gstsaveperiod\">1000</property>\n            <property class=\"AttractionModelConfig\"  name=\"gxpurl\">#</property>\n            <property class=\"AttractionModelConfig\"  name=\"loadtype\">trailing</property>\n            <property class=\"AttractionModelConfig\"  name=\"metricsperiod\">15</property>\n            <property class=\"AttractionModelConfig\"  name=\"onridetimeout\">2</property>\n            <property class=\"AttractionModelConfig\"  name=\"sbluelightevent\">blue</property>\n            <property class=\"ControllerInfo\"  name=\"adjusteventtimes\">true</property>\n            <property class=\"ControllerInfo\"  name=\"bioimagecapure\">false</property>\n            <property class=\"ControllerInfo\"  name=\"dateformat\">yyyy-MM-dd HH:mm:ss z</property>\n            <property class=\"ControllerInfo\"  name=\"discoverynetprefix\">10.</property>\n            <property class=\"ControllerInfo\"  name=\"eventdumpfile\">eventdump.txt</property>\n            <property class=\"ControllerInfo\"  name=\"eventprocessingperiod_msec\">200</property>\n            <property class=\"ControllerInfo\"  name=\"eventsperbatch\">500</property>\n            <property class=\"ControllerInfo\"  name=\"httpport\">8080</property>\n            <property class=\"ControllerInfo\"  name=\"httpsport\">0</property>\n            <property class=\"ControllerInfo\"  name=\"idmscachetime_sec\">1800</property>\n            <property class=\"ControllerInfo\"  name=\"jmsretryperiod\">1000</property>\n            <property class=\"ControllerInfo\"  name=\"maxreadsbeforepurge\">8</property>\n            <property class=\"ControllerInfo\"  name=\"messagestorageperiod\">3600</property>\n            <property class=\"ControllerInfo\"  name=\"metricsperiod\">15</property>\n            <property class=\"ControllerInfo\"  name=\"model\">com.disney.xband.xbrc.attractionmodel.CEP</property>\n            <property class=\"ControllerInfo\"  name=\"onridetimeout\">2</property>\n            <property class=\"ControllerInfo\"  name=\"ownipprefix\">10.</property>\n            <property class=\"ControllerInfo\"  name=\"pass\">Mayhem!23</property>\n            <property class=\"ControllerInfo\"  name=\"perfmetrics\">15</property>\n            <property class=\"ControllerInfo\"  name=\"perfmetricsperiod\">15</property>\n            <property class=\"ControllerInfo\"  name=\"pushmode\">true</property>\n            <property class=\"ControllerInfo\"  name=\"readerdatasendperiod_msec\">100</property>\n            <property class=\"ControllerInfo\"  name=\"readerhellotimeoutsec\">90</property>\n            <property class=\"ControllerInfo\"  name=\"readerhttptimeout_msec\">3000</property>\n            <property class=\"ControllerInfo\"  name=\"readertestmode\">false</property>\n            <property class=\"ControllerInfo\"  name=\"reducedataslicing\">true</property>\n            <property class=\"ControllerInfo\"  name=\"reversetapids\">false</property>\n            <property class=\"ControllerInfo\"  name=\"rfidtestmode\">false</property>\n            <property class=\"ControllerInfo\"  name=\"securetapid\">false</property>\n            <property class=\"ControllerInfo\"  name=\"setreadertime\">true</property>\n            <property class=\"ControllerInfo\"  name=\"singulationalgorithm\">max</property>\n            <property class=\"ControllerInfo\"  name=\"snmp_enabled\">false</property>\n            <property class=\"ControllerInfo\"  name=\"statesaveperiod_sec\">1000</property>\n            <property class=\"ControllerInfo\"  name=\"updatestreamhttptimeout_msec\">2000</property>\n            <property class=\"ControllerInfo\"  name=\"updatestreamurl\"></property>\n            <property class=\"ControllerInfo\"  name=\"user\">EMUser</property>\n            <property class=\"ControllerInfo\"  name=\"venue\">80010114</property>\n            <property class=\"ControllerInfo\"  name=\"verbose\">false</property>\n            <property class=\"ControllerInfo\"  name=\"watchedbandtimeout\">180</property>\n            <property class=\"ControllerInfo\"  name=\"wwwdir\">/usr/share/xbrc/www</property>\n            <property class=\"ControllerInfo\"  name=\"xviewurl\">http://localhost:8090/Xview</property>\n            <property class=\"ESBInfo\"  name=\"jmsbroker\">#10.75.3.57:2506</property>\n            <property class=\"ESBInfo\"  name=\"jmsdiscoverytimesec\">60</property>\n            <property class=\"ESBInfo\"  name=\"jmspassword\">Administrator</property>\n            <property class=\"ESBInfo\"  name=\"jmsqueryqueue\">disney.xband.xbrc.queryqueue</property>\n            <property class=\"ESBInfo\"  name=\"jmsrequestqueue\">com.synapse.xbrcIn</property>\n            <property class=\"ESBInfo\"  name=\"jmstopic\">com.synapse.xbrc</property>\n            <property class=\"ESBInfo\"  name=\"jmsuser\">Administrator</property>\n            <property class=\"EventConfig\"  name=\"amplifiedsignalstrengthmax\">-40</property>\n            <property class=\"EventConfig\"  name=\"amplifiedsignalstrengthmin\">-90</property>\n            <property class=\"EventConfig\"  name=\"deltatime\">3000</property>\n            <property class=\"ReaderConfig\"  name=\"gainsliderincrement\">0.1</property>\n            <property class=\"ReaderConfig\"  name=\"initialized\">false</property>\n            <property class=\"ReaderConfig\"  name=\"maximumgain\">2.0</property>\n            <property class=\"ReaderConfig\"  name=\"maximumthreshold\">63</property>\n            <property class=\"ReaderConfig\"  name=\"minimumgain\">-1.0</property>\n            <property class=\"ReaderConfig\"  name=\"minimumthreshold\">0</property>\n            <property class=\"ReaderConfig\"  name=\"minnormaltemperature\">19.0</property>\n            <property class=\"ReaderConfig\"  name=\"mmaxnormaltemperature\">22.0</property>\n            <property class=\"ReaderConfig\"  name=\"temperaturetoohigh\">25.0</property>\n            <property class=\"ReaderConfig\"  name=\"thresholdsliderincrement\">1</property>\n            <property class=\"ReaderConfig\"  name=\"xbrcconfigmodseq\">2</property>\n            <property class=\"ServiceLocator\"  name=\"service_implementor_suffix\">Imp</property>\n            <property class=\"UIAttractionViewConfig\"  name=\"gridheight\">9</property>\n            <property class=\"UIAttractionViewConfig\"  name=\"gridsize\">50</property>\n            <property class=\"UIAttractionViewConfig\"  name=\"gridwidth\">18</property>\n            <property class=\"UIAttractionViewConfig\"  name=\"guesticonheight\">24</property>\n            <property class=\"UIAttractionViewConfig\"  name=\"guesticonspacing\">10</property>\n            <property class=\"UIAttractionViewConfig\"  name=\"guesticonstagger\">4</property>\n            <property class=\"UIAttractionViewConfig\"  name=\"guesticonwidth\">24</property>\n            <property class=\"UIAttractionViewConfig\"  name=\"maxguestspericon\">5</property>\n            <property class=\"UIAttractionViewConfig\"  name=\"maxiconspergriditem\">3</property>\n            <property class=\"UIConfig\"  name=\"controllerurl\">http://localhost:8080</property>\n            <property class=\"UIConfig\"  name=\"guestxviewcachetimesec\">1800</property>\n            <property class=\"UIConfig\"  name=\"xviewurl\">http://localhost:8090/Xview</property>\n        </properties>\n        <readerlocationinfo>\n            <readerlocation>\n                <section></section>\n                <name>Load2</name>\n                <id>8</id>\n                <type>4</type>\n                <x>76.0</x>\n                <y>76.0</y>\n                <readers>\n                    <reader>\n                        <name>load2-4</name>\n                        <id>27</id>\n                        <type>Long Range</type>\n                        <macaddress>00:00:00:00:00:00</macaddress>\n                        <ipaddress>127.0.0.1</ipaddress>\n                        <port>8084</port>\n                        <gain>1.0</gain>\n                        <threshold>-70</threshold>\n                        <lane>0</lane>\n                        <deviceid>0</deviceid>\n                        <x>78</x>\n                        <y>13</y>\n                        <timelasthello>1328635599992</timelasthello>\n                        <version>0.0.0.0</version>\n                        <minxbrcversion>0.0.0.0</minxbrcversion>\n                    </reader>\n                    <reader>\n                        <name>load2-3</name>\n                        <id>26</id>\n                        <type>Long Range</type>\n                        <macaddress>00:00:00:00:00:00</macaddress>\n                        <ipaddress>127.0.0.1</ipaddress>\n                        <port>8083</port>\n                        <gain>1.0</gain>\n                        <threshold>-70</threshold>\n                        <lane>0</lane>\n                        <deviceid>0</deviceid>\n                        <x>75</x>\n                        <y>13</y>\n                        <timelasthello>1328635691873</timelasthello>\n                        <version>0.0.0.0</version>\n                        <minxbrcversion>0.0.0.0</minxbrcversion>\n                    </reader>\n                    <reader>\n                        <name>load2-2</name>\n                        <id>25</id>\n                        <type>Long Range</type>\n                        <macaddress>00:00:00:00:00:00</macaddress>\n                        <ipaddress>127.0.0.1</ipaddress>\n                        <port>8082</port>\n                        <gain>1.0</gain>\n                        <threshold>-70</threshold>\n                        <lane>0</lane>\n                        <deviceid>0</deviceid>\n                        <x>78</x>\n                        <y>10</y>\n                        <timelasthello>1328635691900</timelasthello>\n                        <version>0.0.0.0</version>\n                        <minxbrcversion>0.0.0.0</minxbrcversion>\n                    </reader>\n                    <reader>\n                        <name>load2-1</name>\n                        <id>24</id>\n                        <type>Long Range</type>\n                        <macaddress>00:00:00:00:00:00</macaddress>\n                        <ipaddress>127.0.0.1</ipaddress>\n                        <port>8081</port>\n                        <gain>1.0</gain>\n                        <threshold>-70</threshold>\n                        <lane>0</lane>\n                        <deviceid>0</deviceid>\n                        <x>75</x>\n                        <y>10</y>\n                        <timelasthello>1328635691938</timelasthello>\n                        <version>0.0.0.0</version>\n                        <minxbrcversion>0.0.0.0</minxbrcversion>\n                    </reader>\n                </readers>\n            </readerlocation>\n            <readerlocation>\n                <section></section>\n                <name>Load1</name>\n                <id>7</id>\n                <type>4</type>\n                <x>76.0</x>\n                <y>76.0</y>\n                <readers>\n                    <reader>\n                        <name>load1-4</name>\n                        <id>23</id>\n                        <type>Long Range</type>\n                        <macaddress>00:00:00:00:00:00</macaddress>\n                        <ipaddress>127.0.0.1</ipaddress>\n                        <port>8074</port>\n                        <gain>1.0</gain>\n                        <threshold>-70</threshold>\n                        <lane>0</lane>\n                        <deviceid>0</deviceid>\n                        <x>78</x>\n                        <y>3</y>\n                        <timelasthello>1328635691810</timelasthello>\n                        <version>0.0.0.0</version>\n                        <minxbrcversion>0.0.0.0</minxbrcversion>\n                    </reader>\n                    <reader>\n                        <name>load1-3</name>\n                        <id>22</id>\n                        <type>Long Range</type>\n                        <macaddress>00:00:00:00:00:00</macaddress>\n                        <ipaddress>127.0.0.1</ipaddress>\n                        <port>8073</port>\n                        <gain>1.0</gain>\n                        <threshold>-70</threshold>\n                        <lane>0</lane>\n                        <deviceid>0</deviceid>\n                        <x>75</x>\n                        <y>3</y>\n                        <timelasthello>1328635691783</timelasthello>\n                        <version>0.0.0.0</version>\n                        <minxbrcversion>0.0.0.0</minxbrcversion>\n                    </reader>\n                    <reader>\n                        <name>load1-2</name>\n                        <id>21</id>\n                        <type>Long Range</type>\n                        <macaddress>00:00:00:00:00:00</macaddress>\n                        <ipaddress>127.0.0.1</ipaddress>\n                        <port>8072</port>\n                        <gain>1.0</gain>\n                        <threshold>-70</threshold>\n                        <lane>0</lane>\n                        <deviceid>0</deviceid>\n                        <x>78</x>\n                        <y>0</y>\n                        <timelasthello>1328635691809</timelasthello>\n                        <version>0.0.0.0</version>\n                        <minxbrcversion>0.0.0.0</minxbrcversion>\n                    </reader>\n                    <reader>\n                        <name>load1-1</name>\n                        <id>20</id>\n                        <type>Long Range</type>\n                        <macaddress>00:00:00:00:00:00</macaddress>\n                        <ipaddress>127.0.0.1</ipaddress>\n                        <port>8071</port>\n                        <gain>1.0</gain>\n                        <threshold>-70</threshold>\n                        <lane>0</lane>\n                        <deviceid>0</deviceid>\n                        <x>75</x>\n                        <y>0</y>\n                        <timelasthello>1328635691972</timelasthello>\n                        <version>0.0.0.0</version>\n                        <minxbrcversion>0.0.0.0</minxbrcversion>\n                    </reader>\n                </readers>\n            </readerlocation>\n            <readerlocation>\n                <section></section>\n                <name>Exit</name>\n                <id>6</id>\n                <type>3</type>\n                <x>101.0</x>\n                <y>101.0</y>\n                <readers>\n                    <reader>\n                        <name>exit-4</name>\n                        <id>19</id>\n                        <type>Long Range</type>\n                        <macaddress>00:00:00:00:00:00</macaddress>\n                        <ipaddress>127.0.0.1</ipaddress>\n                        <port>8064</port>\n                        <gain>1.0</gain>\n                        <threshold>-70</threshold>\n                        <lane>0</lane>\n                        <deviceid>0</deviceid>\n                        <x>103</x>\n                        <y>8</y>\n                        <timelasthello>1328635691713</timelasthello>\n                        <version>0.0.0.0</version>\n                        <minxbrcversion>0.0.0.0</minxbrcversion>\n                    </reader>\n                    <reader>\n                        <name>exit-3</name>\n                        <id>18</id>\n                        <type>Long Range</type>\n                        <macaddress>00:00:00:00:00:00</macaddress>\n                        <ipaddress>127.0.0.1</ipaddress>\n                        <port>8063</port>\n                        <gain>1.0</gain>\n                        <threshold>-70</threshold>\n                        <lane>0</lane>\n                        <deviceid>0</deviceid>\n                        <x>100</x>\n                        <y>8</y>\n                        <timelasthello>1328635691881</timelasthello>\n                        <version>0.0.0.0</version>\n                        <minxbrcversion>0.0.0.0</minxbrcversion>\n                    </reader>\n                    <reader>\n                        <name>exit-2</name>\n                        <id>17</id>\n                        <type>Long Range</type>\n                        <macaddress>00:00:00:00:00:00</macaddress>\n                        <ipaddress>127.0.0.1</ipaddress>\n                        <port>8062</port>\n                        <gain>1.0</gain>\n                        <threshold>-70</threshold>\n                        <lane>0</lane>\n                        <deviceid>0</deviceid>\n                        <x>103</x>\n                        <y>5</y>\n                        <timelasthello>1328635691847</timelasthello>\n                        <version>0.0.0.0</version>\n                        <minxbrcversion>0.0.0.0</minxbrcversion>\n                    </reader>\n                    <reader>\n                        <name>exit-1</name>\n                        <id>16</id>\n                        <type>Long Range</type>\n                        <macaddress>00:00:00:00:00:00</macaddress>\n                        <ipaddress>127.0.0.1</ipaddress>\n                        <port>8061</port>\n                        <gain>1.0</gain>\n                        <threshold>-70</threshold>\n                        <lane>0</lane>\n                        <deviceid>0</deviceid>\n                        <x>100</x>\n                        <y>5</y>\n                        <timelasthello>1328635691854</timelasthello>\n                        <version>0.0.0.0</version>\n                        <minxbrcversion>0.0.0.0</minxbrcversion>\n                    </reader>\n                </readers>\n            </readerlocation>\n            <readerlocation>\n                <section></section>\n                <name>xPassEntry</name>\n                <id>5</id>\n                <type>7</type>\n                <x>10.0</x>\n                <y>10.0</y>\n                <readers>\n                    <reader>\n                        <name>xpassentry</name>\n                        <id>15</id>\n                        <type>Tap</type>\n                        <macaddress>00:00:00:00:00:00</macaddress>\n                        <ipaddress>127.0.0.1</ipaddress>\n                        <port>8051</port>\n                        <gain>1.0</gain>\n                        <threshold>0</threshold>\n                        <lane>0</lane>\n                        <deviceid>0</deviceid>\n                        <x>8</x>\n                        <y>10</y>\n                        <timelasthello>1328635691797</timelasthello>\n                        <version>0.0.0.0</version>\n                        <minxbrcversion>0.0.0.0</minxbrcversion>\n                    </reader>\n                </readers>\n            </readerlocation>\n            <readerlocation>\n                <section></section>\n                <name>Merge</name>\n                <id>4</id>\n                <type>6</type>\n                <x>15.0</x>\n                <y>15.0</y>\n                <readers>\n                    <reader>\n                        <name>merge</name>\n                        <id>14</id>\n                        <type>Tap</type>\n                        <macaddress>00:00:00:00:00:00</macaddress>\n                        <ipaddress>127.0.0.1</ipaddress>\n                        <port>8041</port>\n                        <gain>1.0</gain>\n                        <threshold>0</threshold>\n                        <lane>0</lane>\n                        <deviceid>0</deviceid>\n                        <x>15</x>\n                        <y>10</y>\n                        <timelasthello>1328635691862</timelasthello>\n                        <version>0.0.0.0</version>\n                        <minxbrcversion>0.0.0.0</minxbrcversion>\n                    </reader>\n                </readers>\n            </readerlocation>\n            <readerlocation>\n                <section></section>\n                <name>MergeLRR</name>\n                <id>3</id>\n                <type>6</type>\n                <x>15.0</x>\n                <y>15.0</y>\n                <readers>\n                    <reader>\n                        <name>mergelrr-4</name>\n                        <id>13</id>\n                        <type>Long Range</type>\n                        <macaddress>00:00:00:00:00:00</macaddress>\n                        <ipaddress>127.0.0.1</ipaddress>\n                        <port>8034</port>\n                        <gain>1.0</gain>\n                        <threshold>-70</threshold>\n                        <lane>0</lane>\n                        <deviceid>0</deviceid>\n                        <x>18</x>\n                        <y>8</y>\n                        <timelasthello>1328635691813</timelasthello>\n                        <version>0.0.0.0</version>\n                        <minxbrcversion>0.0.0.0</minxbrcversion>\n                    </reader>\n                    <reader>\n                        <name>mergelrr-3</name>\n                        <id>12</id>\n                        <type>Long Range</type>\n                        <macaddress>00:00:00:00:00:00</macaddress>\n                        <ipaddress>127.0.0.1</ipaddress>\n                        <port>8033</port>\n                        <gain>1.0</gain>\n                        <threshold>-70</threshold>\n                        <lane>0</lane>\n                        <deviceid>0</deviceid>\n                        <x>15</x>\n                        <y>8</y>\n                        <timelasthello>1328635691785</timelasthello>\n                        <version>0.0.0.0</version>\n                        <minxbrcversion>0.0.0.0</minxbrcversion>\n                    </reader>\n                    <reader>\n                        <name>mergelrr-2</name>\n                        <id>11</id>\n                        <type>Long Range</type>\n                        <macaddress>00:00:00:00:00:00</macaddress>\n                        <ipaddress>127.0.0.1</ipaddress>\n                        <port>8032</port>\n                        <gain>1.0</gain>\n                        <threshold>-70</threshold>\n                        <lane>0</lane>\n                        <deviceid>0</deviceid>\n                        <x>18</x>\n                        <y>5</y>\n                        <timelasthello>1328635691784</timelasthello>\n                        <version>0.0.0.0</version>\n                        <minxbrcversion>0.0.0.0</minxbrcversion>\n                    </reader>\n                    <reader>\n                        <name>mergelrr-1</name>\n                        <id>10</id>\n                        <type>Long Range</type>\n                        <macaddress>00:00:00:00:00:00</macaddress>\n                        <ipaddress>127.0.0.1</ipaddress>\n                        <port>8031</port>\n                        <gain>1.0</gain>\n                        <threshold>-70</threshold>\n                        <lane>0</lane>\n                        <deviceid>0</deviceid>\n                        <x>15</x>\n                        <y>5</y>\n                        <timelasthello>1328635691863</timelasthello>\n                        <version>0.0.0.0</version>\n                        <minxbrcversion>0.0.0.0</minxbrcversion>\n                    </reader>\n                </readers>\n            </readerlocation>\n            <readerlocation>\n                <section></section>\n                <name>Queue</name>\n                <id>2</id>\n                <type>2</type>\n                <x>51.0</x>\n                <y>51.0</y>\n                <readers>\n                    <reader>\n                        <name>queue-4</name>\n                        <id>9</id>\n                        <type>Long Range</type>\n                        <macaddress>00:00:00:00:00:00</macaddress>\n                        <ipaddress>127.0.0.1</ipaddress>\n                        <port>8024</port>\n                        <gain>1.0</gain>\n                        <threshold>-70</threshold>\n                        <lane>0</lane>\n                        <deviceid>0</deviceid>\n                        <x>53</x>\n                        <y>8</y>\n                        <timelasthello>1328635691872</timelasthello>\n                        <version>0.0.0.0</version>\n                        <minxbrcversion>0.0.0.0</minxbrcversion>\n                    </reader>\n                    <reader>\n                        <name>queue-3</name>\n                        <id>8</id>\n                        <type>Long Range</type>\n                        <macaddress>00:00:00:00:00:00</macaddress>\n                        <ipaddress>127.0.0.1</ipaddress>\n                        <port>8023</port>\n                        <gain>1.0</gain>\n                        <threshold>-70</threshold>\n                        <lane>0</lane>\n                        <deviceid>0</deviceid>\n                        <x>50</x>\n                        <y>8</y>\n                        <timelasthello>1328635691849</timelasthello>\n                        <version>0.0.0.0</version>\n                        <minxbrcversion>0.0.0.0</minxbrcversion>\n                    </reader>\n                    <reader>\n                        <name>queue-2</name>\n                        <id>7</id>\n                        <type>Long Range</type>\n                        <macaddress>00:00:00:00:00:00</macaddress>\n                        <ipaddress>127.0.0.1</ipaddress>\n                        <port>8022</port>\n                        <gain>1.0</gain>\n                        <threshold>-70</threshold>\n                        <lane>0</lane>\n                        <deviceid>0</deviceid>\n                        <x>53</x>\n                        <y>5</y>\n                        <timelasthello>1328635691680</timelasthello>\n                        <version>0.0.0.0</version>\n                        <minxbrcversion>0.0.0.0</minxbrcversion>\n                    </reader>\n                    <reader>\n                        <name>queue-1</name>\n                        <id>6</id>\n                        <type>Long Range</type>\n                        <macaddress>00:00:00:00:00:00</macaddress>\n                        <ipaddress>127.0.0.1</ipaddress>\n                        <port>8021</port>\n                        <gain>1.0</gain>\n                        <threshold>-70</threshold>\n                        <lane>0</lane>\n                        <deviceid>0</deviceid>\n                        <x>50</x>\n                        <y>5</y>\n                        <timelasthello>1328635691893</timelasthello>\n                        <version>0.0.0.0</version>\n                        <minxbrcversion>0.0.0.0</minxbrcversion>\n                    </reader>\n                </readers>\n            </readerlocation>\n            <readerlocation>\n                <section></section>\n                <name>Entry</name>\n                <id>1</id>\n                <type>1</type>\n                <x>1.0</x>\n                <y>1.0</y>\n                <readers>\n                    <reader>\n                        <name>entry-4</name>\n                        <id>5</id>\n                        <type>Long Range</type>\n                        <macaddress>00:00:00:00:00:00</macaddress>\n                        <ipaddress>127.0.0.1</ipaddress>\n                        <port>8014</port>\n                        <gain>1.0</gain>\n                        <threshold>-70</threshold>\n                        <lane>0</lane>\n                        <deviceid>0</deviceid>\n                        <x>3</x>\n                        <y>3</y>\n                        <timelasthello>1328635691807</timelasthello>\n                        <version>0.0.0.0</version>\n                        <minxbrcversion>0.0.0.0</minxbrcversion>\n                    </reader>\n                    <reader>\n                        <name>entry-3</name>\n                        <id>4</id>\n                        <type>Long Range</type>\n                        <macaddress>00:00:00:00:00:00</macaddress>\n                        <ipaddress>127.0.0.1</ipaddress>\n                        <port>8013</port>\n                        <gain>1.0</gain>\n                        <threshold>-70</threshold>\n                        <lane>0</lane>\n                        <deviceid>0</deviceid>\n                        <x>0</x>\n                        <y>3</y>\n                        <timelasthello>1328635691699</timelasthello>\n                        <version>0.0.0.0</version>\n                        <minxbrcversion>0.0.0.0</minxbrcversion>\n                    </reader>\n                    <reader>\n                        <name>entry-2</name>\n                        <id>3</id>\n                        <type>Long Range</type>\n                        <macaddress>00:00:00:00:00:00</macaddress>\n                        <ipaddress>127.0.0.1</ipaddress>\n                        <port>8012</port>\n                        <gain>1.0</gain>\n                        <threshold>-70</threshold>\n                        <lane>0</lane>\n                        <deviceid>0</deviceid>\n                        <x>3</x>\n                        <y>0</y>\n                        <timelasthello>1328635691819</timelasthello>\n                        <version>0.0.0.0</version>\n                        <minxbrcversion>0.0.0.0</minxbrcversion>\n                    </reader>\n                    <reader>\n                        <name>entry-1</name>\n                        <id>2</id>\n                        <type>Long Range</type>\n                        <macaddress>00:00:00:00:00:00</macaddress>\n                        <ipaddress>127.0.0.1</ipaddress>\n                        <port>8011</port>\n                        <gain>1.0</gain>\n                        <threshold>-70</threshold>\n                        <lane>0</lane>\n                        <deviceid>0</deviceid>\n                        <x>0</x>\n                        <y>0</y>\n                        <timelasthello>1328635691889</timelasthello>\n                        <version>0.0.0.0</version>\n                        <minxbrcversion>0.0.0.0</minxbrcversion>\n                    </reader>\n                </readers>\n            </readerlocation>\n            <readerlocation>\n                <section></section>\n                <name>UNKNOWN</name>\n                <id>0</id>\n                <type>0</type>\n                <x>0.0</x>\n                <y>0.0</y>\n                <readers>\n                </readers>\n            </readerlocation>\n        </readerlocationinfo>\n        <griditems>\n            <griditem id=\"1\" type=\"Gate\" xgrid=\"1\" ygrid=\"5\">\n                <state>HASENTERED</state>\n                <label>Entry</label>\n                <description>Entry for non-XPass guests</description>\n                <image></image>\n                <sequence>0</sequence>\n                <gueststoshow>2</gueststoshow>\n                <locationid>0</locationid>\n            </griditem>\n            <griditem id=\"2\" type=\"HPath\" xgrid=\"2\" ygrid=\"5\">\n                <state>HASENTERED</state>\n                <label></label>\n                <description>Guests have entered the attraction</description>\n                <image></image>\n                <sequence>1</sequence>\n                <gueststoshow>2</gueststoshow>\n                <locationid>0</locationid>\n            </griditem>\n            <griditem id=\"3\" type=\"HPath\" xgrid=\"3\" ygrid=\"5\">\n                <state>INDETERMINATE</state>\n                <label></label>\n                <description>Guests have entered the attraction</description>\n                <image></image>\n                <sequence>2</sequence>\n                <gueststoshow>2</gueststoshow>\n                <locationid>1</locationid>\n            </griditem>\n            <griditem id=\"4\" type=\"Gate\" xgrid=\"6\" ygrid=\"3\">\n                <state>HASMERGED</state>\n                <label>Merge</label>\n                <description>Merge point</description>\n                <image></image>\n                <sequence>0</sequence>\n                <gueststoshow>1</gueststoshow>\n                <locationid>0</locationid>\n            </griditem>\n            <griditem id=\"5\" type=\"Gate\" xgrid=\"4\" ygrid=\"3\">\n                <state>HASENTERED</state>\n                <label>XPass Entry</label>\n                <description>Entry for XPass guests</description>\n                <image>GateGreen.png</image>\n                <sequence>0</sequence>\n                <gueststoshow>1</gueststoshow>\n                <locationid>0</locationid>\n            </griditem>\n            <griditem id=\"6\" type=\"HPath\" xgrid=\"5\" ygrid=\"3\">\n                <state>HASENTERED</state>\n                <label></label>\n                <description>XPass guests have entered the attraction</description>\n                <image></image>\n                <sequence>1</sequence>\n                <gueststoshow>1</gueststoshow>\n                <locationid>0</locationid>\n            </griditem>\n            <griditem id=\"11\" type=\"Gate\" xgrid=\"7\" ygrid=\"5\">\n                <state>HASMERGED</state>\n                <label>Queue</label>\n                <description>Queue waypoint</description>\n                <image>GateRed.png</image>\n                <sequence>0</sequence>\n                <gueststoshow>0</gueststoshow>\n                <locationid>0</locationid>\n            </griditem>\n            <griditem id=\"12\" type=\"TWest\" xgrid=\"8\" ygrid=\"5\">\n                <state>LOADING</state>\n                <label></label>\n                <description>Guests have passed the Queue2 waypoint</description>\n                <image></image>\n                <sequence>0</sequence>\n                <gueststoshow>0</gueststoshow>\n                <locationid>0</locationid>\n            </griditem>\n            <griditem id=\"13\" type=\"ESTurn\" xgrid=\"8\" ygrid=\"4\">\n                <state>LOADING</state>\n                <label></label>\n                <description>Guests have passed the Queue2 waypoint</description>\n                <image></image>\n                <sequence>1</sequence>\n                <gueststoshow>0</gueststoshow>\n                <locationid>0</locationid>\n            </griditem>\n            <griditem id=\"14\" type=\"ENTurn\" xgrid=\"8\" ygrid=\"6\">\n                <state>LOADING</state>\n                <label></label>\n                <description>Guests have passed the Queue2 waypoint</description>\n                <image></image>\n                <sequence>2</sequence>\n                <gueststoshow>0</gueststoshow>\n                <locationid>0</locationid>\n            </griditem>\n            <griditem id=\"15\" type=\"Gate\" xgrid=\"10\" ygrid=\"4\">\n                <state></state>\n                <label>Load One</label>\n                <description>Loading point one</description>\n                <image>GateYellow.png</image>\n                <sequence>0</sequence>\n                <gueststoshow>0</gueststoshow>\n                <locationid>7</locationid>\n            </griditem>\n            <griditem id=\"16\" type=\"Gate\" xgrid=\"10\" ygrid=\"6\">\n                <state></state>\n                <label>Load Two</label>\n                <description>Loading point two</description>\n                <image>GateYellow.png</image>\n                <sequence>0</sequence>\n                <gueststoshow>0</gueststoshow>\n                <locationid>8</locationid>\n            </griditem>\n            <griditem id=\"17\" type=\"WSTurn\" xgrid=\"11\" ygrid=\"4\">\n                <state>RIDING</state>\n                <label></label>\n                <description>Guests are riding</description>\n                <image></image>\n                <sequence>1</sequence>\n                <gueststoshow>0</gueststoshow>\n                <locationid>0</locationid>\n            </griditem>\n            <griditem id=\"18\" type=\"WNTurn\" xgrid=\"11\" ygrid=\"6\">\n                <state>RIDING</state>\n                <label></label>\n                <description>Guests are riding</description>\n                <image></image>\n                <sequence>2</sequence>\n                <gueststoshow>0</gueststoshow>\n                <locationid>0</locationid>\n            </griditem>\n            <griditem id=\"19\" type=\"TEast\" xgrid=\"11\" ygrid=\"5\">\n                <state>RIDING</state>\n                <label></label>\n                <description>Guests are riding</description>\n                <image></image>\n                <sequence>3</sequence>\n                <gueststoshow>0</gueststoshow>\n                <locationid>0</locationid>\n            </griditem>\n            <griditem id=\"20\" type=\"HPath\" xgrid=\"12\" ygrid=\"5\">\n                <state>RIDING</state>\n                <label></label>\n                <description>Guests are riding</description>\n                <image></image>\n                <sequence>4</sequence>\n                <gueststoshow>0</gueststoshow>\n                <locationid>0</locationid>\n            </griditem>\n            <griditem id=\"21\" type=\"Gate\" xgrid=\"13\" ygrid=\"5\">\n                <state>EXITED</state>\n                <label>Exit</label>\n                <description>Attraction exit</description>\n                <image></image>\n                <sequence>0</sequence>\n                <gueststoshow>0</gueststoshow>\n                <locationid>0</locationid>\n            </griditem>\n            <griditem id=\"22\" type=\"HPath\" xgrid=\"14\" ygrid=\"5\">\n                <state>EXITED</state>\n                <label></label>\n                <description>Guests left the attaction</description>\n                <image></image>\n                <sequence>1</sequence>\n                <gueststoshow>0</gueststoshow>\n                <locationid>0</locationid>\n            </griditem>\n            <griditem id=\"24\" type=\"HPath\" xgrid=\"9\" ygrid=\"4\">\n                <state>LOADING</state>\n                <label></label>\n                <description>Guests are loading at Load One</description>\n                <image></image>\n                <sequence>3</sequence>\n                <gueststoshow>0</gueststoshow>\n                <locationid>0</locationid>\n            </griditem>\n            <griditem id=\"25\" type=\"HPath\" xgrid=\"9\" ygrid=\"6\">\n                <state>LOADING</state>\n                <label></label>\n                <description>Guests are loading at Load Two</description>\n                <image></image>\n                <sequence>4</sequence>\n                <gueststoshow>0</gueststoshow>\n                <locationid>0</locationid>\n            </griditem>\n            <griditem id=\"26\" type=\"VPath\" xgrid=\"6\" ygrid=\"4\">\n                <state>HASMERGED</state>\n                <label></label>\n                <description>XPass guests passed the Merge point</description>\n                <image></image>\n                <sequence>1</sequence>\n                <gueststoshow>1</gueststoshow>\n                <locationid>0</locationid>\n            </griditem>\n            <griditem id=\"27\" type=\"Gate\" xgrid=\"4\" ygrid=\"5\">\n                <state>HASMERGED</state>\n                <label>LRR  Merge</label>\n                <description></description>\n                <image>Gate.png</image>\n                <sequence>1</sequence>\n                <gueststoshow>2</gueststoshow>\n                <locationid>0</locationid>\n            </griditem>\n            <griditem id=\"28\" type=\"HPath\" xgrid=\"5\" ygrid=\"5\">\n                <state>HASMERGED</state>\n                <label></label>\n                <description></description>\n                <image></image>\n                <sequence>1</sequence>\n                <gueststoshow>2</gueststoshow>\n                <locationid>0</locationid>\n            </griditem>\n            <griditem id=\"29\" type=\"TNorth\" xgrid=\"6\" ygrid=\"5\">\n                <state>INDETERMINATE</state>\n                <label></label>\n                <description></description>\n                <image></image>\n                <sequence>0</sequence>\n                <gueststoshow>0</gueststoshow>\n                <locationid>0</locationid>\n            </griditem>\n        </griditems>\n        <model>\n        </model>\n    </configuration>\n</venue>\n');
/*!40000 ALTER TABLE `StoredConfigurations` ENABLE KEYS */;
UNLOCK TABLES;

--
-- Table structure for table `Walls`
--

DROP TABLE IF EXISTS `Walls`;
/*!40101 SET @saved_cs_client     = @@character_set_client */;
/*!40101 SET character_set_client = utf8 */;
CREATE TABLE `Walls` (
  `x0` double NOT NULL,
  `y0` double NOT NULL,
  `x1` double NOT NULL,
  `y1` double NOT NULL,
  `ID` int(11) NOT NULL AUTO_INCREMENT,
  PRIMARY KEY (`ID`)
) ENGINE=MyISAM AUTO_INCREMENT=4 DEFAULT CHARSET=latin1 COMMENT='Simulated "walls" in attration';
/*!40101 SET character_set_client = @saved_cs_client */;

--
-- Dumping data for table `Walls`
--

LOCK TABLES `Walls` WRITE;
/*!40000 ALTER TABLE `Walls` DISABLE KEYS */;
INSERT INTO `Walls` VALUES (10,10,100,10,1),(0,5,15,5,2),(0,0,100,0,3);
/*!40000 ALTER TABLE `Walls` ENABLE KEYS */;
UNLOCK TABLES;

--
-- Dumping routines for database 'Mayhem'
--
/*!40103 SET TIME_ZONE=@OLD_TIME_ZONE */;

/*!40101 SET SQL_MODE=@OLD_SQL_MODE */;
/*!40014 SET FOREIGN_KEY_CHECKS=@OLD_FOREIGN_KEY_CHECKS */;
/*!40014 SET UNIQUE_CHECKS=@OLD_UNIQUE_CHECKS */;
/*!40101 SET CHARACTER_SET_CLIENT=@OLD_CHARACTER_SET_CLIENT */;
/*!40101 SET CHARACTER_SET_RESULTS=@OLD_CHARACTER_SET_RESULTS */;
/*!40101 SET COLLATION_CONNECTION=@OLD_COLLATION_CONNECTION */;
/*!40111 SET SQL_NOTES=@OLD_SQL_NOTES */;

-- Dump completed on 2012-06-14 18:01:42
