INSERT INTO `mayhem`.`guest`
(guestId
,lastName
,firstName
,xBMSId
,birthdate
,address1
,address2
,city
,state
,zip
,countryCode
,active
,createdBy
,createdDate
,updatedBy
,updatedDate)
VALUES
(50
 ,'Admiral'
 , ''
 , 0
 ,NULL
 ,NULL
 ,NULL
 ,NULL
 ,NULL
 ,NULL
 ,NULL
 ,true
 ,'ursula'
 ,CURRENT_TIMESTAMP()
  ,'ursula'
 ,CURRENT_TIMESTAMP());
 
 INSERT INTO `mayhem`.`xband`
 (xBandId
 ,bandID
 ,lRId
 ,tapID
 ,active
 ,bandFriendlyName
 ,printedName
 ,createdBy
 ,createdDate
 ,updatedBy
 ,updatedDate)
 VALUES
 (50
 ,'Admiral'
 ,'2749D22770'
 ,'00801fb3aa874a04'
 ,true
 ,'Admiral'
 ,'Admiral'
 ,'ursula'
 ,CURRENT_TIMESTAMP()
 ,'ursula'
 ,CURRENT_TIMESTAMP());
 
INSERT INTO `mayhem`.`guest_xband`
(guestId
,xBandId
,createdBy
,createdDate
,updatedBy
,updatedDate)
VALUES
(50
,50
,'ursula'
,CURRENT_TIMESTAMP()
,'ursula'
,CURRENT_TIMESTAMP());

INSERT INTO `mayhem`.`guest`
(guestId
,lastName
,firstName
,xBMSId
,birthdate
,address1
,address2
,city
,state
,zip
,countryCode
,active
,createdBy
,createdDate
,updatedBy
,updatedDate)
VALUES
(51
 ,'Bane'
 , ''
 , 0
 ,NULL
 ,NULL
 ,NULL
 ,NULL
 ,NULL
 ,NULL
 ,NULL
 ,true
 ,'ursula'
 ,CURRENT_TIMESTAMP()
  ,'ursula'
 ,CURRENT_TIMESTAMP());
 
 INSERT INTO `mayhem`.`xband`
 (xBandId
 ,bandID
 ,lRId
 ,tapID
 ,active
 ,bandFriendlyName
 ,printedName
 ,createdBy
 ,createdDate
 ,updatedBy
 ,updatedDate)
 VALUES
 (51
 ,'Bane'
 ,'2749D22771'
 ,'00801fb3aa662504'
 ,true
 ,'Bane'
 ,'Bane'
 ,'ursula'
 ,CURRENT_TIMESTAMP()
 ,'ursula'
 ,CURRENT_TIMESTAMP());
 
INSERT INTO `mayhem`.`guest_xband`
(guestId
,xBandId
,createdBy
,createdDate
,updatedBy
,updatedDate)
VALUES
(51
,51
,'ursula'
,CURRENT_TIMESTAMP()
,'ursula'
,CURRENT_TIMESTAMP());

INSERT INTO `mayhem`.`guest`
(guestId
,lastName
,firstName
,xBMSId
,birthdate
,address1
,address2
,city
,state
,zip
,countryCode
,active
,createdBy
,createdDate
,updatedBy
,updatedDate)
VALUES
(52
 ,'Jar'
 , ''
 , 0
 ,NULL
 ,NULL
 ,NULL
 ,NULL
 ,NULL
 ,NULL
 ,NULL
 ,true
 ,'ursula'
 ,CURRENT_TIMESTAMP()
  ,'ursula'
 ,CURRENT_TIMESTAMP());
 
 INSERT INTO `mayhem`.`xband`
 (xBandId
 ,bandID
 ,lRId
 ,tapID
 ,active
 ,bandFriendlyName
 ,printedName
 ,createdBy
 ,createdDate
 ,updatedBy
 ,updatedDate)
 VALUES
 (52
 ,'Jar'
 ,'2749D22772'
 ,'00801fb3aa871d04'
 ,true
 ,'Jar'
 ,'Jar'
 ,'ursula'
 ,CURRENT_TIMESTAMP()
 ,'ursula'
 ,CURRENT_TIMESTAMP());
 
INSERT INTO `mayhem`.`guest_xband`
(guestId
,xBandId
,createdBy
,createdDate
,updatedBy
,updatedDate)
VALUES
(52
,52
,'ursula'
,CURRENT_TIMESTAMP()
,'ursula'
,CURRENT_TIMESTAMP());

INSERT INTO `mayhem`.`guest`
(guestId
,lastName
,firstName
,xBMSId
,birthdate
,address1
,address2
,city
,state
,zip
,countryCode
,active
,createdBy
,createdDate
,updatedBy
,updatedDate)
VALUES
(53
 ,'C-3PO'
 , ''
 , 0
 ,NULL
 ,NULL
 ,NULL
 ,NULL
 ,NULL
 ,NULL
 ,NULL
 ,true
 ,'ursula'
 ,CURRENT_TIMESTAMP()
  ,'ursula'
 ,CURRENT_TIMESTAMP());
 
 INSERT INTO `mayhem`.`xband`
 (xBandId
 ,bandID
 ,lRId
 ,tapID
 ,active
 ,bandFriendlyName
 ,printedName
 ,createdBy
 ,createdDate
 ,updatedBy
 ,updatedDate)
 VALUES
 (53
 ,'C-3PO'
 ,'2749D22773'
 ,'00801fb3aa883204'
 ,true
 ,'C-3PO'
 ,'C-3PO'
 ,'ursula'
 ,CURRENT_TIMESTAMP()
 ,'ursula'
 ,CURRENT_TIMESTAMP());
 
INSERT INTO `mayhem`.`guest_xband`
(guestId
,xBandId
,createdBy
,createdDate
,updatedBy
,updatedDate)
VALUES
(53
,53
,'ursula'
,CURRENT_TIMESTAMP()
,'ursula'
,CURRENT_TIMESTAMP());

INSERT INTO `mayhem`.`guest`
(guestId
,lastName
,firstName
,xBMSId
,birthdate
,address1
,address2
,city
,state
,zip
,countryCode
,active
,createdBy
,createdDate
,updatedBy
,updatedDate)
VALUES
(54
 ,'Lando'
 , ''
 , 0
 ,NULL
 ,NULL
 ,NULL
 ,NULL
 ,NULL
 ,NULL
 ,NULL
 ,true
 ,'ursula'
 ,CURRENT_TIMESTAMP()
  ,'ursula'
 ,CURRENT_TIMESTAMP());
 
 INSERT INTO `mayhem`.`xband`
 (xBandId
 ,bandID
 ,lRId
 ,tapID
 ,active
 ,bandFriendlyName
 ,printedName
 ,createdBy
 ,createdDate
 ,updatedBy
 ,updatedDate)
 VALUES
 (54
 ,'Lando'
 ,'2749D22774'
 ,'00801fb3aa873404'
 ,true
 ,'Lando'
 ,'Lando'
 ,'ursula'
 ,CURRENT_TIMESTAMP()
 ,'ursula'
 ,CURRENT_TIMESTAMP());
 
INSERT INTO `mayhem`.`guest_xband`
(guestId
,xBandId
,createdBy
,createdDate
,updatedBy
,updatedDate)
VALUES
(54
,54
,'ursula'
,CURRENT_TIMESTAMP()
,'ursula'
,CURRENT_TIMESTAMP());

INSERT INTO `mayhem`.`guest`
(guestId
,lastName
,firstName
,xBMSId
,birthdate
,address1
,address2
,city
,state
,zip
,countryCode
,active
,createdBy
,createdDate
,updatedBy
,updatedDate)
VALUES
(55
 ,'Chewy'
 , ''
 , 0
 ,NULL
 ,NULL
 ,NULL
 ,NULL
 ,NULL
 ,NULL
 ,NULL
 ,true
 ,'ursula'
 ,CURRENT_TIMESTAMP()
  ,'ursula'
 ,CURRENT_TIMESTAMP());
 
 INSERT INTO `mayhem`.`xband`
 (xBandId
 ,bandID
 ,lRId
 ,tapID
 ,active
 ,bandFriendlyName
 ,printedName
 ,createdBy
 ,createdDate
 ,updatedBy
 ,updatedDate)
 VALUES
 (55
 ,'Chewy'
 ,'2749D22775'
 ,'00801fb3aa873904'
 ,true
 ,'Chewy'
 ,'Chewy'
 ,'ursula'
 ,CURRENT_TIMESTAMP()
 ,'ursula'
 ,CURRENT_TIMESTAMP());
 
INSERT INTO `mayhem`.`guest_xband`
(guestId
,xBandId
,createdBy
,createdDate
,updatedBy
,updatedDate)
VALUES
(55
,55
,'ursula'
,CURRENT_TIMESTAMP()
,'ursula'
,CURRENT_TIMESTAMP());

INSERT INTO `mayhem`.`guest`
(guestId
,lastName
,firstName
,xBMSId
,birthdate
,address1
,address2
,city
,state
,zip
,countryCode
,active
,createdBy
,createdDate
,updatedBy
,updatedDate)
VALUES
(56
 ,'Dooku'
 , ''
 , 0
 ,NULL
 ,NULL
 ,NULL
 ,NULL
 ,NULL
 ,NULL
 ,NULL
 ,true
 ,'ursula'
 ,CURRENT_TIMESTAMP()
  ,'ursula'
 ,CURRENT_TIMESTAMP());
 
 INSERT INTO `mayhem`.`xband`
 (xBandId
 ,bandID
 ,lRId
 ,tapID
 ,active
 ,bandFriendlyName
 ,printedName
 ,createdBy
 ,createdDate
 ,updatedBy
 ,updatedDate)
 VALUES
 (56
 ,'Dooku'
 ,'2749D22776'
 ,'00801fb3aa873504'
 ,true
 ,'Dooku'
 ,'Dooku'
 ,'ursula'
 ,CURRENT_TIMESTAMP()
 ,'ursula'
 ,CURRENT_TIMESTAMP());
 
INSERT INTO `mayhem`.`guest_xband`
(guestId
,xBandId
,createdBy
,createdDate
,updatedBy
,updatedDate)
VALUES
(56
,56
,'ursula'
,CURRENT_TIMESTAMP()
,'ursula'
,CURRENT_TIMESTAMP());

INSERT INTO `mayhem`.`guest`
(guestId
,lastName
,firstName
,xBMSId
,birthdate
,address1
,address2
,city
,state
,zip
,countryCode
,active
,createdBy
,createdDate
,updatedBy
,updatedDate)
VALUES
(57
 ,'Fett'
 , ''
 , 0
 ,NULL
 ,NULL
 ,NULL
 ,NULL
 ,NULL
 ,NULL
 ,NULL
 ,true
 ,'ursula'
 ,CURRENT_TIMESTAMP()
  ,'ursula'
 ,CURRENT_TIMESTAMP());
 
 INSERT INTO `mayhem`.`xband`
 (xBandId
 ,bandID
 ,lRId
 ,tapID
 ,active
 ,bandFriendlyName
 ,printedName
 ,createdBy
 ,createdDate
 ,updatedBy
 ,updatedDate)
 VALUES
 (57
 ,'Fett'
 ,'2749D22777'
 ,'00801fb3aa874104'
 ,true
 ,'Fett'
 ,'Fett'
 ,'ursula'
 ,CURRENT_TIMESTAMP()
 ,'ursula'
 ,CURRENT_TIMESTAMP());
 
INSERT INTO `mayhem`.`guest_xband`
(guestId
,xBandId
,createdBy
,createdDate
,updatedBy
,updatedDate)
VALUES
(57
,57
,'ursula'
,CURRENT_TIMESTAMP()
,'ursula'
,CURRENT_TIMESTAMP());

INSERT INTO `mayhem`.`guest`
(guestId
,lastName
,firstName
,xBMSId
,birthdate
,address1
,address2
,city
,state
,zip
,countryCode
,active
,createdBy
,createdDate
,updatedBy
,updatedDate)
VALUES
(58
 ,'Gree'
 , ''
 , 0
 ,NULL
 ,NULL
 ,NULL
 ,NULL
 ,NULL
 ,NULL
 ,NULL
 ,true
 ,'ursula'
 ,CURRENT_TIMESTAMP()
  ,'ursula'
 ,CURRENT_TIMESTAMP());
 
 INSERT INTO `mayhem`.`xband`
 (xBandId
 ,bandID
 ,lRId
 ,tapID
 ,active
 ,bandFriendlyName
 ,printedName
 ,createdBy
 ,createdDate
 ,updatedBy
 ,updatedDate)
 VALUES
 (58
 ,'Gree'
 ,'2749D22778'
 ,'00801fb3aa872604'
 ,true
 ,'Gree'
 ,'Gree'
 ,'ursula'
 ,CURRENT_TIMESTAMP()
 ,'ursula'
 ,CURRENT_TIMESTAMP());
 
INSERT INTO `mayhem`.`guest_xband`
(guestId
,xBandId
,createdBy
,createdDate
,updatedBy
,updatedDate)
VALUES
(58
,58
,'ursula'
,CURRENT_TIMESTAMP()
,'ursula'
,CURRENT_TIMESTAMP());

INSERT INTO `mayhem`.`guest`
(guestId
,lastName
,firstName
,xBMSId
,birthdate
,address1
,address2
,city
,state
,zip
,countryCode
,active
,createdBy
,createdDate
,updatedBy
,updatedDate)
VALUES
(59
 ,'IG'
 , ''
 , 0
 ,NULL
 ,NULL
 ,NULL
 ,NULL
 ,NULL
 ,NULL
 ,NULL
 ,true
 ,'ursula'
 ,CURRENT_TIMESTAMP()
  ,'ursula'
 ,CURRENT_TIMESTAMP());
 
 INSERT INTO `mayhem`.`xband`
 (xBandId
 ,bandID
 ,lRId
 ,tapID
 ,active
 ,bandFriendlyName
 ,printedName
 ,createdBy
 ,createdDate
 ,updatedBy
 ,updatedDate)
 VALUES
 (59
 ,'IG'
 ,'2749D22779'
 ,'00801fb3aa872904'
 ,true
 ,'IG'
 ,'IG'
 ,'ursula'
 ,CURRENT_TIMESTAMP()
 ,'ursula'
 ,CURRENT_TIMESTAMP());
 
INSERT INTO `mayhem`.`guest_xband`
(guestId
,xBandId
,createdBy
,createdDate
,updatedBy
,updatedDate)
VALUES
(59
,59
,'ursula'
,CURRENT_TIMESTAMP()
,'ursula'
,CURRENT_TIMESTAMP());

INSERT INTO `mayhem`.`guest`
(guestId
,lastName
,firstName
,xBMSId
,birthdate
,address1
,address2
,city
,state
,zip
,countryCode
,active
,createdBy
,createdDate
,updatedBy
,updatedDate)
VALUES
(60
 ,'Obi'
 , ''
 , 0
 ,NULL
 ,NULL
 ,NULL
 ,NULL
 ,NULL
 ,NULL
 ,NULL
 ,true
 ,'ursula'
 ,CURRENT_TIMESTAMP()
  ,'ursula'
 ,CURRENT_TIMESTAMP());
 
 INSERT INTO `mayhem`.`xband`
 (xBandId
 ,bandID
 ,lRId
 ,tapID
 ,active
 ,bandFriendlyName
 ,printedName
 ,createdBy
 ,createdDate
 ,updatedBy
 ,updatedDate)
 VALUES
 (60
 ,'Obi'
 ,'2749D2277A'
 ,'00801fb3aa872204'
 ,true
 ,'Obi'
 ,'Obi'
 ,'ursula'
 ,CURRENT_TIMESTAMP()
 ,'ursula'
 ,CURRENT_TIMESTAMP());
 
INSERT INTO `mayhem`.`guest_xband`
(guestId
,xBandId
,createdBy
,createdDate
,updatedBy
,updatedDate)
VALUES
(60
,60
,'ursula'
,CURRENT_TIMESTAMP()
,'ursula'
,CURRENT_TIMESTAMP());

INSERT INTO `mayhem`.`guest`
(guestId
,lastName
,firstName
,xBMSId
,birthdate
,address1
,address2
,city
,state
,zip
,countryCode
,active
,createdBy
,createdDate
,updatedBy
,updatedDate)
VALUES
(61
 ,'Low'
 , ''
 , 0
 ,NULL
 ,NULL
 ,NULL
 ,NULL
 ,NULL
 ,NULL
 ,NULL
 ,true
 ,'ursula'
 ,CURRENT_TIMESTAMP()
  ,'ursula'
 ,CURRENT_TIMESTAMP());
 
 INSERT INTO `mayhem`.`xband`
 (xBandId
 ,bandID
 ,lRId
 ,tapID
 ,active
 ,bandFriendlyName
 ,printedName
 ,createdBy
 ,createdDate
 ,updatedBy
 ,updatedDate)
 VALUES
 (61
 ,'Low'
 ,'2749D2277B'
 ,'00801fb3aa874804'
 ,true
 ,'Low'
 ,'Low'
 ,'ursula'
 ,CURRENT_TIMESTAMP()
 ,'ursula'
 ,CURRENT_TIMESTAMP());
 
INSERT INTO `mayhem`.`guest_xband`
(guestId
,xBandId
,createdBy
,createdDate
,updatedBy
,updatedDate)
VALUES
(61
,61
,'ursula'
,CURRENT_TIMESTAMP()
,'ursula'
,CURRENT_TIMESTAMP());

INSERT INTO `mayhem`.`guest`
(guestId
,lastName
,firstName
,xBMSId
,birthdate
,address1
,address2
,city
,state
,zip
,countryCode
,active
,createdBy
,createdDate
,updatedBy
,updatedDate)
VALUES
(62
 ,'Maul'
 , ''
 , 0
 ,NULL
 ,NULL
 ,NULL
 ,NULL
 ,NULL
 ,NULL
 ,NULL
 ,true
 ,'ursula'
 ,CURRENT_TIMESTAMP()
  ,'ursula'
 ,CURRENT_TIMESTAMP());
 
 INSERT INTO `mayhem`.`xband`
 (xBandId
 ,bandID
 ,lRId
 ,tapID
 ,active
 ,bandFriendlyName
 ,printedName
 ,createdBy
 ,createdDate
 ,updatedBy
 ,updatedDate)
 VALUES
 (62
 ,'Maul'
 ,'2749D2277C'
 ,'00801fb3aa872d04'
 ,true
 ,'Maul'
 ,'Maul'
 ,'ursula'
 ,CURRENT_TIMESTAMP()
 ,'ursula'
 ,CURRENT_TIMESTAMP());
 
INSERT INTO `mayhem`.`guest_xband`
(guestId
,xBandId
,createdBy
,createdDate
,updatedBy
,updatedDate)
VALUES
(62
,62
,'ursula'
,CURRENT_TIMESTAMP()
,'ursula'
,CURRENT_TIMESTAMP());

INSERT INTO `mayhem`.`guest`
(guestId
,lastName
,firstName
,xBMSId
,birthdate
,address1
,address2
,city
,state
,zip
,countryCode
,active
,createdBy
,createdDate
,updatedBy
,updatedDate)
VALUES
(63
 ,'Muzzer'
 , ''
 , 0
 ,NULL
 ,NULL
 ,NULL
 ,NULL
 ,NULL
 ,NULL
 ,NULL
 ,true
 ,'ursula'
 ,CURRENT_TIMESTAMP()
  ,'ursula'
 ,CURRENT_TIMESTAMP());
 
 INSERT INTO `mayhem`.`xband`
 (xBandId
 ,bandID
 ,lRId
 ,tapID
 ,active
 ,bandFriendlyName
 ,printedName
 ,createdBy
 ,createdDate
 ,updatedBy
 ,updatedDate)
 VALUES
 (63
 ,'Muzzer'
 ,'2749D2277D'
 ,'00801fb3aa883004'
 ,true
 ,'Muzzer'
 ,'Muzzer'
 ,'ursula'
 ,CURRENT_TIMESTAMP()
 ,'ursula'
 ,CURRENT_TIMESTAMP());
 
INSERT INTO `mayhem`.`guest_xband`
(guestId
,xBandId
,createdBy
,createdDate
,updatedBy
,updatedDate)
VALUES
(63
,63
,'ursula'
,CURRENT_TIMESTAMP()
,'ursula'
,CURRENT_TIMESTAMP());

INSERT INTO `mayhem`.`guest`
(guestId
,lastName
,firstName
,xBMSId
,birthdate
,address1
,address2
,city
,state
,zip
,countryCode
,active
,createdBy
,createdDate
,updatedBy
,updatedDate)
VALUES
(64
 ,'Leia'
 , ''
 , 0
 ,NULL
 ,NULL
 ,NULL
 ,NULL
 ,NULL
 ,NULL
 ,NULL
 ,true
 ,'ursula'
 ,CURRENT_TIMESTAMP()
  ,'ursula'
 ,CURRENT_TIMESTAMP());
 
 INSERT INTO `mayhem`.`xband`
 (xBandId
 ,bandID
 ,lRId
 ,tapID
 ,active
 ,bandFriendlyName
 ,printedName
 ,createdBy
 ,createdDate
 ,updatedBy
 ,updatedDate)
 VALUES
 (64
 ,'Leia'
 ,'2749D2277E'
 ,'00801fb3aa872704'
 ,true
 ,'Leia'
 ,'Leia'
 ,'ursula'
 ,CURRENT_TIMESTAMP()
 ,'ursula'
 ,CURRENT_TIMESTAMP());
 
INSERT INTO `mayhem`.`guest_xband`
(guestId
,xBandId
,createdBy
,createdDate
,updatedBy
,updatedDate)
VALUES
(64
,64
,'ursula'
,CURRENT_TIMESTAMP()
,'ursula'
,CURRENT_TIMESTAMP());

INSERT INTO `mayhem`.`guest`
(guestId
,lastName
,firstName
,xBMSId
,birthdate
,address1
,address2
,city
,state
,zip
,countryCode
,active
,createdBy
,createdDate
,updatedBy
,updatedDate)
VALUES
(65
 ,'Orrin'
 , ''
 , 0
 ,NULL
 ,NULL
 ,NULL
 ,NULL
 ,NULL
 ,NULL
 ,NULL
 ,true
 ,'ursula'
 ,CURRENT_TIMESTAMP()
  ,'ursula'
 ,CURRENT_TIMESTAMP());
 
 INSERT INTO `mayhem`.`xband`
 (xBandId
 ,bandID
 ,lRId
 ,tapID
 ,active
 ,bandFriendlyName
 ,printedName
 ,createdBy
 ,createdDate
 ,updatedBy
 ,updatedDate)
 VALUES
 (65
 ,'Orrin'
 ,'2749D2277F'
 ,'00801fb3aa873d04'
 ,true
 ,'Orrin'
 ,'Orrin'
 ,'ursula'
 ,CURRENT_TIMESTAMP()
 ,'ursula'
 ,CURRENT_TIMESTAMP());
 
INSERT INTO `mayhem`.`guest_xband`
(guestId
,xBandId
,createdBy
,createdDate
,updatedBy
,updatedDate)
VALUES
(65
,65
,'ursula'
,CURRENT_TIMESTAMP()
,'ursula'
,CURRENT_TIMESTAMP());

INSERT INTO `mayhem`.`guest`
(guestId
,lastName
,firstName
,xBMSId
,birthdate
,address1
,address2
,city
,state
,zip
,countryCode
,active
,createdBy
,createdDate
,updatedBy
,updatedDate)
VALUES
(66
 ,'R2'
 , ''
 , 0
 ,NULL
 ,NULL
 ,NULL
 ,NULL
 ,NULL
 ,NULL
 ,NULL
 ,true
 ,'ursula'
 ,CURRENT_TIMESTAMP()
  ,'ursula'
 ,CURRENT_TIMESTAMP());
 
 INSERT INTO `mayhem`.`xband`
 (xBandId
 ,bandID
 ,lRId
 ,tapID
 ,active
 ,bandFriendlyName
 ,printedName
 ,createdBy
 ,createdDate
 ,updatedBy
 ,updatedDate)
 VALUES
 (66
 ,'R2'
 ,'2749D22760'
 ,'00801bb3aa873e04'
 ,true
 ,'R2'
 ,'R2'
 ,'ursula'
 ,CURRENT_TIMESTAMP()
 ,'ursula'
 ,CURRENT_TIMESTAMP());
 
INSERT INTO `mayhem`.`guest_xband`
(guestId
,xBandId
,createdBy
,createdDate
,updatedBy
,updatedDate)
VALUES
(66
,66
,'ursula'
,CURRENT_TIMESTAMP()
,'ursula'
,CURRENT_TIMESTAMP());

INSERT INTO `mayhem`.`guest`
(guestId
,lastName
,firstName
,xBMSId
,birthdate
,address1
,address2
,city
,state
,zip
,countryCode
,active
,createdBy
,createdDate
,updatedBy
,updatedDate)
VALUES
(67
 ,'Luke'
 , ''
 , 0
 ,NULL
 ,NULL
 ,NULL
 ,NULL
 ,NULL
 ,NULL
 ,NULL
 ,true
 ,'ursula'
 ,CURRENT_TIMESTAMP()
  ,'ursula'
 ,CURRENT_TIMESTAMP());
 
 INSERT INTO `mayhem`.`xband`
 (xBandId
 ,bandID
 ,lRId
 ,tapID
 ,active
 ,bandFriendlyName
 ,printedName
 ,createdBy
 ,createdDate
 ,updatedBy
 ,updatedDate)
 VALUES
 (67
 ,'Luke'
 ,'2749D22761'
 ,'00801fb3aa862404'
 ,true
 ,'Luke'
 ,'Luke'
 ,'ursula'
 ,CURRENT_TIMESTAMP()
 ,'ursula'
 ,CURRENT_TIMESTAMP());
 
INSERT INTO `mayhem`.`guest_xband`
(guestId
,xBandId
,createdBy
,createdDate
,updatedBy
,updatedDate)
VALUES
(67
,67
,'ursula'
,CURRENT_TIMESTAMP()
,'ursula'
,CURRENT_TIMESTAMP());

INSERT INTO `mayhem`.`guest`
(guestId
,lastName
,firstName
,xBMSId
,birthdate
,address1
,address2
,city
,state
,zip
,countryCode
,active
,createdBy
,createdDate
,updatedBy
,updatedDate)
VALUES
(68
 ,'Hans'
 , ''
 , 0
 ,NULL
 ,NULL
 ,NULL
 ,NULL
 ,NULL
 ,NULL
 ,NULL
 ,true
 ,'ursula'
 ,CURRENT_TIMESTAMP()
  ,'ursula'
 ,CURRENT_TIMESTAMP());
 
 INSERT INTO `mayhem`.`xband`
 (xBandId
 ,bandID
 ,lRId
 ,tapID
 ,active
 ,bandFriendlyName
 ,printedName
 ,createdBy
 ,createdDate
 ,updatedBy
 ,updatedDate)
 VALUES
 (68
 ,'Hans'
 ,'2749D22762'
 ,'00801fb3aa883704'
 ,true
 ,'Hans'
 ,'Hans'
 ,'ursula'
 ,CURRENT_TIMESTAMP()
 ,'ursula'
 ,CURRENT_TIMESTAMP());
 
INSERT INTO `mayhem`.`guest_xband`
(guestId
,xBandId
,createdBy
,createdDate
,updatedBy
,updatedDate)
VALUES
(68
,68
,'ursula'
,CURRENT_TIMESTAMP()
,'ursula'
,CURRENT_TIMESTAMP());

INSERT INTO `mayhem`.`guest`
(guestId
,lastName
,firstName
,xBMSId
,birthdate
,address1
,address2
,city
,state
,zip
,countryCode
,active
,createdBy
,createdDate
,updatedBy
,updatedDate)
VALUES
(69
 ,'Darth'
 , ''
 , 0
 ,NULL
 ,NULL
 ,NULL
 ,NULL
 ,NULL
 ,NULL
 ,NULL
 ,true
 ,'ursula'
 ,CURRENT_TIMESTAMP()
  ,'ursula'
 ,CURRENT_TIMESTAMP());
 
 INSERT INTO `mayhem`.`xband`
 (xBandId
 ,bandID
 ,lRId
 ,tapID
 ,active
 ,bandFriendlyName
 ,printedName
 ,createdBy
 ,createdDate
 ,updatedBy
 ,updatedDate)
 VALUES
 (69
 ,'Darth'
 ,'2749D22763'
 ,'00801fb3aa871f04'
 ,true
 ,'Darth'
 ,'Darth'
 ,'ursula'
 ,CURRENT_TIMESTAMP()
 ,'ursula'
 ,CURRENT_TIMESTAMP());
 
INSERT INTO `mayhem`.`guest_xband`
(guestId
,xBandId
,createdBy
,createdDate
,updatedBy
,updatedDate)
VALUES
(69
,69
,'ursula'
,CURRENT_TIMESTAMP()
,'ursula'
,CURRENT_TIMESTAMP());