-- MySQL dump 10.13  Distrib 5.1.54, for debian-linux-gnu (i686)
--
-- Host: localhost    Database: Mayhem
-- ------------------------------------------------------
-- Server version	5.1.54-1ubuntu4

/*!40101 SET @OLD_CHARACTER_SET_CLIENT=@@CHARACTER_SET_CLIENT */;
/*!40101 SET @OLD_CHARACTER_SET_RESULTS=@@CHARACTER_SET_RESULTS */;
/*!40101 SET @OLD_COLLATION_CONNECTION=@@COLLATION_CONNECTION */;
/*!40101 SET NAMES utf8 */;
/*!40103 SET @OLD_TIME_ZONE=@@TIME_ZONE */;
/*!40103 SET TIME_ZONE='+00:00' */;
/*!40014 SET @OLD_UNIQUE_CHECKS=@@UNIQUE_CHECKS, UNIQUE_CHECKS=0 */;
/*!40014 SET @OLD_FOREIGN_KEY_CHECKS=@@FOREIGN_KEY_CHECKS, FOREIGN_KEY_CHECKS=0 */;
/*!40101 SET @OLD_SQL_MODE=@@SQL_MODE, SQL_MODE='NO_AUTO_VALUE_ON_ZERO' */;
/*!40111 SET @OLD_SQL_NOTES=@@SQL_NOTES, SQL_NOTES=0 */;

--
-- Table structure for table `Config`
--

DROP TABLE IF EXISTS `Config`;
/*!40101 SET @saved_cs_client     = @@character_set_client */;
/*!40101 SET character_set_client = utf8 */;
CREATE TABLE `Config` (
  `class` varchar(64) NOT NULL,
  `property` varchar(32) NOT NULL,
  `value` varchar(1024) NOT NULL,
  PRIMARY KEY (`class`,`property`)
) ENGINE=InnoDB DEFAULT CHARSET=latin1 COMMENT='Scalar configuration parameters for controller';
/*!40101 SET character_set_client = @saved_cs_client */;

--
-- Dumping data for table `Config`
--

LOCK TABLES `Config` WRITE;
/*!40000 ALTER TABLE `Config` DISABLE KEYS */;
INSERT INTO `Config` VALUES ('AttractionModelConfig','abandonmenttimeout','60'),('AttractionModelConfig','bluelightduration','2500'),('AttractionModelConfig','deferentrymessages','false'),('AttractionModelConfig','errorlightperiod','250'),('AttractionModelConfig','errorpattern','bnb'),('AttractionModelConfig','exitstatetimeout','120'),('AttractionModelConfig','greenlightduration','1000'),('AttractionModelConfig','greenlightevent','green'),('AttractionModelConfig','gstsaveperiod','1000'),('AttractionModelConfig','gxpurl','#'),('AttractionModelConfig','loadtype','leading'),('AttractionModelConfig','metricsperiod','15'),('AttractionModelConfig','onridetimeout','2'),('AttractionModelConfig','sbluelightevent','blue'),('ControllerInfo','adjusteventtimes','true'),('ControllerInfo','bioimagecapure','false'),('ControllerInfo','dateformat','yyyy-MM-dd HH:mm:ss z'),('ControllerInfo','discoverynetprefix','10.'),('ControllerInfo','eventdumpfile','/var/log/xbrc/eventdump.txt'),('ControllerInfo','eventprocessingperiod_msec','200'),('ControllerInfo','eventsperbatch','500'),('ControllerInfo','httpport','8080'),('ControllerInfo','httpsport','0'),('ControllerInfo','idmscachetime_sec','1800'),('ControllerInfo','jmsretryperiod','1000'),('ControllerInfo','maxreadsbeforepurge','8'),('ControllerInfo','messagestorageperiod','3600'),('ControllerInfo','metricsperiod','15'),('ControllerInfo','model','com.disney.xband.xbrc.attractionmodel.CEP'),('ControllerInfo','onridetimeout','2'),('ControllerInfo','ownipprefix','10.'),('ControllerInfo','pass','Mayhem!23'),('ControllerInfo','perfmetricsperiod','300'),('ControllerInfo','pushmode','true'),('ControllerInfo','readerdatasendperiod_msec','100'),('ControllerInfo','readerhellotimeoutsec','90'),('ControllerInfo','readerhttptimeout_msec','3000'),('ControllerInfo','readertestmode','false'),('ControllerInfo','reducedataslicing','true'),('ControllerInfo','reversetapids','false'),('ControllerInfo','rfidtestmode','false'),('ControllerInfo','securetapid','false'),('ControllerInfo','setreadertime','true'),('ControllerInfo','singulationalgorithm','max'),('ControllerInfo','snmp_enabled','false'),('ControllerInfo','statesaveperiod_sec','1000'),('ControllerInfo','updatestreamhttptimeout_msec','2000'),('ControllerInfo','updatestreamurl',''),('ControllerInfo','user','EMUser'),('ControllerInfo','venue','80010114'),('ControllerInfo','verbose','false'),('ControllerInfo','watchedbandtimeout','180'),('ControllerInfo','wwwdir','/usr/share/xbrc/www'),('ControllerInfo','xviewurl','#http://localhost:8090/Xview'),('ESBInfo','jmsbroker','10.75.3.57:2506'),('ESBInfo','jmsdiscoverytimesec','60'),('ESBInfo','jmspassword','Administrator'),('ESBInfo','jmsqueryqueue','disney.xband.xbrc.queryqueue'),('ESBInfo','jmsrequestqueue','com.synapse.xbrcIn'),('ESBInfo','jmstopic','com.synapse.xbrc'),('ESBInfo','jmsuser','Administrator'),('EventConfig','amplifiedsignalstrengthmax','-40'),('EventConfig','amplifiedsignalstrengthmin','-90'),('EventConfig','deltatime','3000'),('ReaderConfig','gainsliderincrement','0.1'),('ReaderConfig','initialized','false'),('ReaderConfig','maximumgain','2.0'),('ReaderConfig','maximumthreshold','63'),('ReaderConfig','minimumgain','-1.0'),('ReaderConfig','minimumthreshold','0'),('ReaderConfig','minnormaltemperature','19.0'),('ReaderConfig','mmaxnormaltemperature','22.0'),('ReaderConfig','temperaturetoohigh','25.0'),('ReaderConfig','thresholdsliderincrement','1'),('ReaderConfig','xbrcconfigmodseq','33'),('ServiceLocator','service_implementor_suffix','Imp'),('SNMPConfig','agentdispatcherpool','10'),('SNMPConfig','agentlistenport','8161'),('SNMPConfig','community','mayhem'),('SNMPConfig','context','public'),('SNMPConfig','dateformat','yyyy-MM-dd HH:mm:ss z'),('SNMPConfig','getretries','0'),('SNMPConfig','gettimeout','50000'),('SNMPConfig','managerdispatcherpool','10'),('SNMPConfig','maxoids','2000'),('SNMPConfig','readerhttpconntimeout','1000'),('SNMPConfig','trapaddress','0.0.0.0/162'),('UIAttractionViewConfig','gridheight','9'),('UIAttractionViewConfig','gridsize','50'),('UIAttractionViewConfig','gridwidth','18'),('UIAttractionViewConfig','guesticonheight','24'),('UIAttractionViewConfig','guesticonspacing','10'),('UIAttractionViewConfig','guesticonstagger','4'),('UIAttractionViewConfig','guesticonwidth','24'),('UIAttractionViewConfig','maxguestspericon','5'),('UIAttractionViewConfig','maxiconspergriditem','3'),('UIConfig','controllerurl','http://localhost:8080'),('UIConfig','guestxviewcachetimesec','1800'),('UIConfig','xviewurl','http://localhost:8090/Xview'),('XfpeSimConfig','biomatchthreshold','75'),('XfpeSimConfig','controllerurl','http://localhost:8080/ControllerServer'),('XfpeSimConfig','guestqueuestartx','0'),('XfpeSimConfig','guestqueuestarty','7'),('XfpeSimConfig','hellointervalsec','20'),('XfpeSimConfig','maxscanretry','3'),('XfpeSimConfig','omnithreadport','33433');
/*!40000 ALTER TABLE `Config` ENABLE KEYS */;
UNLOCK TABLES;

--
-- Table structure for table `GST`
--

DROP TABLE IF EXISTS `GST`;
/*!40101 SET @saved_cs_client     = @@character_set_client */;
/*!40101 SET character_set_client = utf8 */;
CREATE TABLE `GST` (
  `GuestId` varchar(32) NOT NULL,
  `HasXPass` tinyint(1) NOT NULL,
  `State` varchar(16) NOT NULL,
  `LastReader` varchar(16) NOT NULL,
  `TimeEarliestAtReader` bigint(20) NOT NULL,
  `TimeLatestAtReader` bigint(20) NOT NULL,
  `TimeEntered` bigint(20) NOT NULL,
  `TimeMerged` bigint(20) NOT NULL,
  `TimeLoaded` bigint(20) NOT NULL,
  `TimeExited` bigint(20) NOT NULL,
  `CarID` varchar(64) NOT NULL,
  `HasDeferredEntry` tinyint(1) NOT NULL,
  PRIMARY KEY (`GuestId`)
) ENGINE=InnoDB DEFAULT CHARSET=latin1 COMMENT='Snapshot of guest status table used in Controller';
/*!40101 SET character_set_client = @saved_cs_client */;

--
-- Dumping data for table `GST`
--

LOCK TABLES `GST` WRITE;
/*!40000 ALTER TABLE `GST` DISABLE KEYS */;
/*!40000 ALTER TABLE `GST` ENABLE KEYS */;
UNLOCK TABLES;

--
-- Table structure for table `GridItem`
--

DROP TABLE IF EXISTS `GridItem`;
/*!40101 SET @saved_cs_client     = @@character_set_client */;
/*!40101 SET character_set_client = utf8 */;
CREATE TABLE `GridItem` (
  `id` int(11) NOT NULL AUTO_INCREMENT,
  `ItemType` varchar(32) NOT NULL,
  `XGrid` int(11) NOT NULL,
  `YGrid` int(11) NOT NULL,
  `State` varchar(16) NOT NULL,
  `Label` varchar(256) NOT NULL,
  `Description` varchar(512) NOT NULL,
  `Image` varchar(256) DEFAULT NULL,
  `Sequence` int(11) NOT NULL DEFAULT '0',
  `XPassOnly` tinyint(4) NOT NULL,
  `LocationId` int(11) DEFAULT NULL,
  PRIMARY KEY (`id`) USING BTREE
) ENGINE=InnoDB AUTO_INCREMENT=47 DEFAULT CHARSET=latin1 COMMENT='Items that together make up the flow chart of the attraction';
/*!40101 SET character_set_client = @saved_cs_client */;

--
-- Dumping data for table `GridItem`
--

LOCK TABLES `GridItem` WRITE;
/*!40000 ALTER TABLE `GridItem` DISABLE KEYS */;
INSERT INTO `GridItem` VALUES (1,'Gate',2,4,'','Entry','Entry for non-XPass guests',NULL,0,0,1),(2,'HPath',3,4,'INDETERMINATE','','Guests have entered the attraction',NULL,1,0,1),(3,'HPath',4,4,'INDETERMINATE','','Guests have entered the attraction',NULL,2,2,1),(4,'Gate',5,4,'INDETERMINATE','Merge','Merge point',NULL,0,0,4),(15,'Gate',9,3,'INDETERMINATE','Load Front','Loading in the front','GateYellow.png',0,0,7),(16,'Gate',9,5,'INDETERMINATE','Load Back','Loading in the back','GateYellow.png',0,0,8),(28,'HPath',6,4,'INDETERMINATE','','',NULL,1,0,4),(30,'TWest',8,4,'INDETERMINATE','','',NULL,5,0,4),(31,'ESTurn',8,3,'INDETERMINATE','','',NULL,3,0,4),(32,'ENTurn',8,5,'INDETERMINATE','','',NULL,4,0,4),(33,'HPath',7,4,'INDETERMINATE','','',NULL,2,0,4),(43,'HPath',10,3,'INDETERMINATE','','',NULL,0,0,7),(44,'HPath',10,5,'INDETERMINATE','','',NULL,0,0,8),(45,'HPath',11,3,'INDETERMINATE','','',NULL,1,0,7),(46,'HPath',11,5,'INDETERMINATE','','',NULL,1,0,8);
/*!40000 ALTER TABLE `GridItem` ENABLE KEYS */;
UNLOCK TABLES;

--
-- Table structure for table `GuestPosition`
--

DROP TABLE IF EXISTS `GuestPosition`;
/*!40101 SET @saved_cs_client     = @@character_set_client */;
/*!40101 SET character_set_client = utf8 */;
CREATE TABLE `GuestPosition` (
  `BandID` varchar(32) DEFAULT NULL,
  `x` double NOT NULL,
  `y` double NOT NULL,
  `HasxPass` tinyint(1) DEFAULT NULL
) ENGINE=InnoDB DEFAULT CHARSET=latin1 COMMENT='Simulated or inferred guest location';
/*!40101 SET character_set_client = @saved_cs_client */;

--
-- Dumping data for table `GuestPosition`
--

LOCK TABLES `GuestPosition` WRITE;
/*!40000 ALTER TABLE `GuestPosition` DISABLE KEYS */;
/*!40000 ALTER TABLE `GuestPosition` ENABLE KEYS */;
UNLOCK TABLES;

--
-- Table structure for table `Image`
--

DROP TABLE IF EXISTS `Image`;
/*!40101 SET @saved_cs_client     = @@character_set_client */;
/*!40101 SET character_set_client = utf8 */;
CREATE TABLE `Image` (
  `id` bigint(20) NOT NULL AUTO_INCREMENT,
  `description` varchar(255) DEFAULT NULL,
  `filename` varchar(255) DEFAULT NULL,
  `height` int(11) DEFAULT NULL,
  `title` varchar(255) DEFAULT NULL,
  `width` int(11) DEFAULT NULL,
  PRIMARY KEY (`id`)
) ENGINE=InnoDB AUTO_INCREMENT=17 DEFAULT CHARSET=latin1;
/*!40101 SET character_set_client = @saved_cs_client */;

--
-- Dumping data for table `Image`
--

LOCK TABLES `Image` WRITE;
/*!40000 ALTER TABLE `Image` DISABLE KEYS */;
/*!40000 ALTER TABLE `Image` ENABLE KEYS */;
UNLOCK TABLES;

--
-- Table structure for table `ImageBlob`
--

DROP TABLE IF EXISTS `ImageBlob`;
/*!40101 SET @saved_cs_client     = @@character_set_client */;
/*!40101 SET character_set_client = utf8 */;
CREATE TABLE `ImageBlob` (
  `imageId` bigint(20) NOT NULL,
  `bytes` mediumblob NOT NULL,
  PRIMARY KEY (`imageId`) USING BTREE,
  CONSTRAINT `image_fk` FOREIGN KEY (`imageId`) REFERENCES `Image` (`id`)
) ENGINE=InnoDB DEFAULT CHARSET=latin1;
/*!40101 SET character_set_client = @saved_cs_client */;

--
-- Dumping data for table `ImageBlob`
--

LOCK TABLES `ImageBlob` WRITE;
/*!40000 ALTER TABLE `ImageBlob` DISABLE KEYS */;
/*!40000 ALTER TABLE `ImageBlob` ENABLE KEYS */;
UNLOCK TABLES;

--
-- Table structure for table `KnownBandIDs`
--

DROP TABLE IF EXISTS `KnownBandIDs`;
/*!40101 SET @saved_cs_client     = @@character_set_client */;
/*!40101 SET character_set_client = utf8 */;
CREATE TABLE `KnownBandIDs` (
  `id` bigint(20) NOT NULL AUTO_INCREMENT,
  `BandID` varchar(16) NOT NULL,
  `IsTap` tinyint(1) NOT NULL DEFAULT '0',
  `BandType` varchar(16) NOT NULL DEFAULT 'CAR' COMMENT 'Allowed values are ''CAR'' and ''CAST''',
  `AssociatedData` varchar(256) NOT NULL,
  PRIMARY KEY (`id`)
) ENGINE=MyISAM AUTO_INCREMENT=11 DEFAULT CHARSET=latin1;
/*!40101 SET character_set_client = @saved_cs_client */;

--
-- Dumping data for table `KnownBandIDs`
--

LOCK TABLES `KnownBandIDs` WRITE;
/*!40000 ALTER TABLE `KnownBandIDs` DISABLE KEYS */;
INSERT INTO `KnownBandIDs` VALUES (1,'5555555555550002',0,'CAR','Car2'),(2,'5555555555550001',0,'CAR','Car1'),(3,'5555555555550000',0,'CAR','Car0'),(4,'5555555555550003',0,'CAR','Car3'),(5,'5555555555550007',0,'CAR','Car7'),(6,'5555555555550006',0,'CAR','Car6'),(7,'5555555555550005',0,'CAR','Car5'),(8,'5555555555550004',0,'CAR','Car4'),(9,'5555555555550008',0,'CAR','Car8'),(10,'5555555555550009',0,'CAR','Car9');
/*!40000 ALTER TABLE `KnownBandIDs` ENABLE KEYS */;
UNLOCK TABLES;

--
-- Table structure for table `Location`
--

DROP TABLE IF EXISTS `Location`;
/*!40101 SET @saved_cs_client     = @@character_set_client */;
/*!40101 SET character_set_client = utf8 */;
CREATE TABLE `Location` (
  `id` int(11) NOT NULL AUTO_INCREMENT,
  `locationTypeId` int(11) NOT NULL,
  `name` varchar(32) NOT NULL,
  `section` varchar(32) NOT NULL,
  `x` double NOT NULL,
  `y` double NOT NULL,
  `singulationTypeId` int(11) NOT NULL,
  `eventGenerationTypeId` int(11) NOT NULL,
  PRIMARY KEY (`id`),
  KEY `FK_LocationType` (`locationTypeId`),
  CONSTRAINT `FK_LocationType` FOREIGN KEY (`locationTypeId`) REFERENCES `LocationType` (`id`)
) ENGINE=InnoDB AUTO_INCREMENT=9 DEFAULT CHARSET=latin1;
/*!40101 SET character_set_client = @saved_cs_client */;

--
-- Dumping data for table `Location`
--

LOCK TABLES `Location` WRITE;
/*!40000 ALTER TABLE `Location` DISABLE KEYS */;
INSERT INTO `Location` VALUES (0,0,'UNKNOWN','',0,0,0,0),(1,1,'Entry','',1,2,0,2),(4,6,'Merge','',15,10,0,1),(7,4,'LoadFront','',76,2,1,1),(8,4,'LoadBack','',76,12,1,1);
/*!40000 ALTER TABLE `Location` ENABLE KEYS */;
UNLOCK TABLES;

--
-- Table structure for table `LocationType`
--

DROP TABLE IF EXISTS `LocationType`;
/*!40101 SET @saved_cs_client     = @@character_set_client */;
/*!40101 SET character_set_client = utf8 */;
CREATE TABLE `LocationType` (
  `id` int(11) NOT NULL,
  `LocationTypeName` varchar(32) NOT NULL,
  PRIMARY KEY (`id`)
) ENGINE=InnoDB DEFAULT CHARSET=latin1;
/*!40101 SET character_set_client = @saved_cs_client */;

--
-- Dumping data for table `LocationType`
--

LOCK TABLES `LocationType` WRITE;
/*!40000 ALTER TABLE `LocationType` DISABLE KEYS */;
INSERT INTO `LocationType` VALUES (0,'UNKNOWN'),(1,'Entry'),(2,'Waypoint'),(3,'Exit'),(4,'Load'),(5,'InCar'),(6,'Merge'),(7,'xPass Entry'),(8,'Combo');
/*!40000 ALTER TABLE `LocationType` ENABLE KEYS */;
UNLOCK TABLES;

--
-- Table structure for table `Messages`
--

DROP TABLE IF EXISTS `Messages`;
/*!40101 SET @saved_cs_client     = @@character_set_client */;
/*!40101 SET character_set_client = utf8 */;
CREATE TABLE `Messages` (
  `id` bigint(20) NOT NULL AUTO_INCREMENT,
  `MessageType` varchar(32) NOT NULL,
  `Timestamp` bigint(20) NOT NULL,
  `Payload` varchar(4096) NOT NULL,
  PRIMARY KEY (`id`)
) ENGINE=InnoDB AUTO_INCREMENT=29520 DEFAULT CHARSET=latin1 COMMENT='XML payloads for outgoing JMS or HTTP messages';
/*!40101 SET character_set_client = @saved_cs_client */;

--
-- Dumping data for table `Messages`
--

LOCK TABLES `Messages` WRITE;
/*!40000 ALTER TABLE `Messages` DISABLE KEYS */;
INSERT INTO `Messages` VALUES (29501,'METRICS',1328645162810,'<message type=\"METRICS\" time=\"2012-02-07T20:06:02.810\">\n    <starttime>2012-02-07T20:05:47.683</starttime>\n    <endtime>2012-02-07T20:06:02.810</endtime>\n    <standby>\n        <guests>0</guests>\n        <abandonments>0</abandonments>\n        <waittime>0</waittime>\n        <totaltime>0</totaltime>\n    </standby>\n    <xpass>\n        <guests>0</guests>\n        <abandonments>0</abandonments>\n        <waittime>0</waittime>\n        <mergetime>0</mergetime>\n        <totaltime>0</totaltime>\n    </xpass>\n</message>\n'),(29502,'METRICS',1328645177882,'<message type=\"METRICS\" time=\"2012-02-07T20:06:17.882\">\n    <starttime>2012-02-07T20:06:02.810</starttime>\n    <endtime>2012-02-07T20:06:17.882</endtime>\n    <standby>\n        <guests>0</guests>\n        <abandonments>0</abandonments>\n        <waittime>0</waittime>\n        <totaltime>0</totaltime>\n    </standby>\n    <xpass>\n        <guests>0</guests>\n        <abandonments>0</abandonments>\n        <waittime>0</waittime>\n        <mergetime>0</mergetime>\n        <totaltime>0</totaltime>\n    </xpass>\n</message>\n'),(29503,'METRICS',1328645193052,'<message type=\"METRICS\" time=\"2012-02-07T20:06:33.052\">\n    <starttime>2012-02-07T20:06:17.882</starttime>\n    <endtime>2012-02-07T20:06:33.052</endtime>\n    <standby>\n        <guests>0</guests>\n        <abandonments>0</abandonments>\n        <waittime>0</waittime>\n        <totaltime>0</totaltime>\n    </standby>\n    <xpass>\n        <guests>0</guests>\n        <abandonments>0</abandonments>\n        <waittime>0</waittime>\n        <mergetime>0</mergetime>\n        <totaltime>0</totaltime>\n    </xpass>\n</message>\n'),(29504,'METRICS',1328645208103,'<message type=\"METRICS\" time=\"2012-02-07T20:06:48.103\">\n    <starttime>2012-02-07T20:06:33.052</starttime>\n    <endtime>2012-02-07T20:06:48.103</endtime>\n    <standby>\n        <guests>0</guests>\n        <abandonments>0</abandonments>\n        <waittime>0</waittime>\n        <totaltime>0</totaltime>\n    </standby>\n    <xpass>\n        <guests>0</guests>\n        <abandonments>0</abandonments>\n        <waittime>0</waittime>\n        <mergetime>0</mergetime>\n        <totaltime>0</totaltime>\n    </xpass>\n</message>\n'),(29505,'METRICS',1328645223170,'<message type=\"METRICS\" time=\"2012-02-07T20:07:03.170\">\n    <starttime>2012-02-07T20:06:48.103</starttime>\n    <endtime>2012-02-07T20:07:03.170</endtime>\n    <standby>\n        <guests>0</guests>\n        <abandonments>0</abandonments>\n        <waittime>0</waittime>\n        <totaltime>0</totaltime>\n    </standby>\n    <xpass>\n        <guests>0</guests>\n        <abandonments>0</abandonments>\n        <waittime>0</waittime>\n        <mergetime>0</mergetime>\n        <totaltime>0</totaltime>\n    </xpass>\n</message>\n'),(29506,'METRICS',1328645238266,'<message type=\"METRICS\" time=\"2012-02-07T20:07:18.266\">\n    <starttime>2012-02-07T20:07:03.170</starttime>\n    <endtime>2012-02-07T20:07:18.266</endtime>\n    <standby>\n        <guests>0</guests>\n        <abandonments>0</abandonments>\n        <waittime>0</waittime>\n        <totaltime>0</totaltime>\n    </standby>\n    <xpass>\n        <guests>0</guests>\n        <abandonments>0</abandonments>\n        <waittime>0</waittime>\n        <mergetime>0</mergetime>\n        <totaltime>0</totaltime>\n    </xpass>\n</message>\n'),(29507,'METRICS',1328645253309,'<message type=\"METRICS\" time=\"2012-02-07T20:07:33.309\">\n    <starttime>2012-02-07T20:07:18.266</starttime>\n    <endtime>2012-02-07T20:07:33.309</endtime>\n    <standby>\n        <guests>0</guests>\n        <abandonments>0</abandonments>\n        <waittime>0</waittime>\n        <totaltime>0</totaltime>\n    </standby>\n    <xpass>\n        <guests>0</guests>\n        <abandonments>0</abandonments>\n        <waittime>0</waittime>\n        <mergetime>0</mergetime>\n        <totaltime>0</totaltime>\n    </xpass>\n</message>\n'),(29508,'METRICS',1328645268345,'<message type=\"METRICS\" time=\"2012-02-07T20:07:48.345\">\n    <starttime>2012-02-07T20:07:33.309</starttime>\n    <endtime>2012-02-07T20:07:48.345</endtime>\n    <standby>\n        <guests>0</guests>\n        <abandonments>0</abandonments>\n        <waittime>0</waittime>\n        <totaltime>0</totaltime>\n    </standby>\n    <xpass>\n        <guests>0</guests>\n        <abandonments>0</abandonments>\n        <waittime>0</waittime>\n        <mergetime>0</mergetime>\n        <totaltime>0</totaltime>\n    </xpass>\n</message>\n'),(29509,'METRICS',1328645283409,'<message type=\"METRICS\" time=\"2012-02-07T20:08:03.409\">\n    <starttime>2012-02-07T20:07:48.345</starttime>\n    <endtime>2012-02-07T20:08:03.409</endtime>\n    <standby>\n        <guests>0</guests>\n        <abandonments>0</abandonments>\n        <waittime>0</waittime>\n        <totaltime>0</totaltime>\n    </standby>\n    <xpass>\n        <guests>0</guests>\n        <abandonments>0</abandonments>\n        <waittime>0</waittime>\n        <mergetime>0</mergetime>\n        <totaltime>0</totaltime>\n    </xpass>\n</message>\n'),(29510,'METRICS',1328645298520,'<message type=\"METRICS\" time=\"2012-02-07T20:08:18.520\">\n    <starttime>2012-02-07T20:08:03.409</starttime>\n    <endtime>2012-02-07T20:08:18.520</endtime>\n    <standby>\n        <guests>0</guests>\n        <abandonments>0</abandonments>\n        <waittime>0</waittime>\n        <totaltime>0</totaltime>\n    </standby>\n    <xpass>\n        <guests>0</guests>\n        <abandonments>0</abandonments>\n        <waittime>0</waittime>\n        <mergetime>0</mergetime>\n        <totaltime>0</totaltime>\n    </xpass>\n</message>\n'),(29511,'METRICS',1328645313652,'<message type=\"METRICS\" time=\"2012-02-07T20:08:33.652\">\n    <starttime>2012-02-07T20:08:18.520</starttime>\n    <endtime>2012-02-07T20:08:33.652</endtime>\n    <standby>\n        <guests>0</guests>\n        <abandonments>0</abandonments>\n        <waittime>0</waittime>\n        <totaltime>0</totaltime>\n    </standby>\n    <xpass>\n        <guests>0</guests>\n        <abandonments>0</abandonments>\n        <waittime>0</waittime>\n        <mergetime>0</mergetime>\n        <totaltime>0</totaltime>\n    </xpass>\n</message>\n'),(29512,'METRICS',1328645328789,'<message type=\"METRICS\" time=\"2012-02-07T20:08:48.789\">\n    <starttime>2012-02-07T20:08:33.652</starttime>\n    <endtime>2012-02-07T20:08:48.789</endtime>\n    <standby>\n        <guests>0</guests>\n        <abandonments>0</abandonments>\n        <waittime>0</waittime>\n        <totaltime>0</totaltime>\n    </standby>\n    <xpass>\n        <guests>0</guests>\n        <abandonments>0</abandonments>\n        <waittime>0</waittime>\n        <mergetime>0</mergetime>\n        <totaltime>0</totaltime>\n    </xpass>\n</message>\n'),(29513,'METRICS',1328645343982,'<message type=\"METRICS\" time=\"2012-02-07T20:09:03.982\">\n    <starttime>2012-02-07T20:08:48.789</starttime>\n    <endtime>2012-02-07T20:09:03.982</endtime>\n    <standby>\n        <guests>0</guests>\n        <abandonments>0</abandonments>\n        <waittime>0</waittime>\n        <totaltime>0</totaltime>\n    </standby>\n    <xpass>\n        <guests>0</guests>\n        <abandonments>0</abandonments>\n        <waittime>0</waittime>\n        <mergetime>0</mergetime>\n        <totaltime>0</totaltime>\n    </xpass>\n</message>\n'),(29514,'METRICS',1328645359098,'<message type=\"METRICS\" time=\"2012-02-07T20:09:19.098\">\n    <starttime>2012-02-07T20:09:03.982</starttime>\n    <endtime>2012-02-07T20:09:19.098</endtime>\n    <standby>\n        <guests>0</guests>\n        <abandonments>0</abandonments>\n        <waittime>0</waittime>\n        <totaltime>0</totaltime>\n    </standby>\n    <xpass>\n        <guests>0</guests>\n        <abandonments>0</abandonments>\n        <waittime>0</waittime>\n        <mergetime>0</mergetime>\n        <totaltime>0</totaltime>\n    </xpass>\n</message>\n'),(29515,'METRICS',1328645374207,'<message type=\"METRICS\" time=\"2012-02-07T20:09:34.207\">\n    <starttime>2012-02-07T20:09:19.098</starttime>\n    <endtime>2012-02-07T20:09:34.207</endtime>\n    <standby>\n        <guests>0</guests>\n        <abandonments>0</abandonments>\n        <waittime>0</waittime>\n        <totaltime>0</totaltime>\n    </standby>\n    <xpass>\n        <guests>0</guests>\n        <abandonments>0</abandonments>\n        <waittime>0</waittime>\n        <mergetime>0</mergetime>\n        <totaltime>0</totaltime>\n    </xpass>\n</message>\n'),(29516,'METRICS',1328645389263,'<message type=\"METRICS\" time=\"2012-02-07T20:09:49.263\">\n    <starttime>2012-02-07T20:09:34.207</starttime>\n    <endtime>2012-02-07T20:09:49.263</endtime>\n    <standby>\n        <guests>0</guests>\n        <abandonments>0</abandonments>\n        <waittime>0</waittime>\n        <totaltime>0</totaltime>\n    </standby>\n    <xpass>\n        <guests>0</guests>\n        <abandonments>0</abandonments>\n        <waittime>0</waittime>\n        <mergetime>0</mergetime>\n        <totaltime>0</totaltime>\n    </xpass>\n</message>\n'),(29517,'METRICS',1328645404312,'<message type=\"METRICS\" time=\"2012-02-07T20:10:04.312\">\n    <starttime>2012-02-07T20:09:49.263</starttime>\n    <endtime>2012-02-07T20:10:04.312</endtime>\n    <standby>\n        <guests>0</guests>\n        <abandonments>0</abandonments>\n        <waittime>0</waittime>\n        <totaltime>0</totaltime>\n    </standby>\n    <xpass>\n        <guests>0</guests>\n        <abandonments>0</abandonments>\n        <waittime>0</waittime>\n        <mergetime>0</mergetime>\n        <totaltime>0</totaltime>\n    </xpass>\n</message>\n'),(29518,'METRICS',1328645419383,'<message type=\"METRICS\" time=\"2012-02-07T20:10:19.383\">\n    <starttime>2012-02-07T20:10:04.312</starttime>\n    <endtime>2012-02-07T20:10:19.383</endtime>\n    <standby>\n        <guests>0</guests>\n        <abandonments>0</abandonments>\n        <waittime>0</waittime>\n        <totaltime>0</totaltime>\n    </standby>\n    <xpass>\n        <guests>0</guests>\n        <abandonments>0</abandonments>\n        <waittime>0</waittime>\n        <mergetime>0</mergetime>\n        <totaltime>0</totaltime>\n    </xpass>\n</message>\n'),(29519,'METRICS',1328645434509,'<message type=\"METRICS\" time=\"2012-02-07T20:10:34.509\">\n    <starttime>2012-02-07T20:10:19.383</starttime>\n    <endtime>2012-02-07T20:10:34.509</endtime>\n    <standby>\n        <guests>0</guests>\n        <abandonments>0</abandonments>\n        <waittime>0</waittime>\n        <totaltime>0</totaltime>\n    </standby>\n    <xpass>\n        <guests>0</guests>\n        <abandonments>0</abandonments>\n        <waittime>0</waittime>\n        <mergetime>0</mergetime>\n        <totaltime>0</totaltime>\n    </xpass>\n</message>\n');
/*!40000 ALTER TABLE `Messages` ENABLE KEYS */;
UNLOCK TABLES;

--
-- Table structure for table `Reader`
--

DROP TABLE IF EXISTS `Reader`;
/*!40101 SET @saved_cs_client     = @@character_set_client */;
/*!40101 SET character_set_client = utf8 */;
CREATE TABLE `Reader` (
  `id` int(11) NOT NULL AUTO_INCREMENT,
  `type` tinyint(1) NOT NULL,
  `readerId` varchar(32) NOT NULL,
  `positionX` int(11) DEFAULT NULL,
  `positionY` int(11) DEFAULT NULL,
  `group` varchar(16) DEFAULT NULL,
  `singulationGroup` varchar(16) DEFAULT NULL,
  `signalStrengthThreshold` int(11) NOT NULL DEFAULT '-90',
  `gain` double NOT NULL DEFAULT '1',
  `macAddress` varchar(32) DEFAULT NULL,
  `ipAddress` varchar(32) NOT NULL,
  `port` int(11) NOT NULL DEFAULT '80',
  `lastIdReceived` bigint(20) NOT NULL DEFAULT '-1',
  `locationId` int(11) NOT NULL,
  `timeLastHello` bigint(20) NOT NULL,
  `lane` int(11) NOT NULL,
  `deviceId` int(11) NOT NULL DEFAULT '0',
  `version` varchar(32) DEFAULT NULL,
  `minXbrcVersion` varchar(32) DEFAULT NULL,
  PRIMARY KEY (`id`),
  UNIQUE KEY `reader_id_index` (`readerId`)
) ENGINE=InnoDB AUTO_INCREMENT=48 DEFAULT CHARSET=latin1 COMMENT='Information about configured readers';
/*!40101 SET character_set_client = @saved_cs_client */;

--
-- Dumping data for table `Reader`
--

LOCK TABLES `Reader` WRITE;
/*!40000 ALTER TABLE `Reader` DISABLE KEYS */;
INSERT INTO `Reader` VALUES (1,2,'entry-06',10,4,'','',0,0,'00:91:FA:00:00:06','127.0.0.1',8090,3,1,1328645434620,1,1,'0.0.0.0','0.0.0.0'),(2,2,'merge-52',30,4,'','',0,0,'00:91:FA:00:00:52','127.0.0.1',8090,2,4,1328645434719,2,2,'0.0.0.0','0.0.0.0'),(3,2,'load-front-50',65,2,'','',0,0,'00:91:FA:00:00:50','127.0.0.1',8090,1,7,1328645434769,3,3,'0.0.0.0','0.0.0.0'),(4,2,'load-back-57',65,6,'','',0,0,'00:91:FA:00:00:57','127.0.0.1',8090,3345,8,1328645434836,4,4,'0.0.0.0','0.0.0.0');
/*!40000 ALTER TABLE `Reader` ENABLE KEYS */;
UNLOCK TABLES;

--
-- Table structure for table `Status`
--

DROP TABLE IF EXISTS `Status`;
/*!40101 SET @saved_cs_client     = @@character_set_client */;
/*!40101 SET character_set_client = utf8 */;
CREATE TABLE `Status` (
  `Property` varchar(32) NOT NULL,
  `Value` varchar(1024) NOT NULL,
  PRIMARY KEY (`Property`)
) ENGINE=MyISAM DEFAULT CHARSET=latin1 COMMENT='Persists execution status of controller';
/*!40101 SET character_set_client = @saved_cs_client */;

--
-- Dumping data for table `Status`
--

LOCK TABLES `Status` WRITE;
/*!40000 ALTER TABLE `Status` DISABLE KEYS */;
INSERT INTO `Status` VALUES ('LastStateStore','2012-02-07T20:10:34.303'),('LastMessageIdToJMS','29519'),('LastMessageIdToPostStream','-1');
/*!40000 ALTER TABLE `Status` ENABLE KEYS */;
UNLOCK TABLES;

--
-- Table structure for table `StoredConfigurations`
--

DROP TABLE IF EXISTS `StoredConfigurations`;
/*!40101 SET @saved_cs_client     = @@character_set_client */;
/*!40101 SET character_set_client = utf8 */;
CREATE TABLE `StoredConfigurations` (
  `id` int(11) NOT NULL AUTO_INCREMENT,
  `name` varchar(32) NOT NULL,
  `description` varchar(1024) NOT NULL,
  `model` varchar(256) NOT NULL,
  `xml` longtext NOT NULL,
  PRIMARY KEY (`id`) USING BTREE,
  UNIQUE KEY `idx_name` (`name`)
) ENGINE=InnoDB AUTO_INCREMENT=15 DEFAULT CHARSET=latin1 ROW_FORMAT=DYNAMIC COMMENT='Holds configuration sets serialized in XML form';
/*!40101 SET character_set_client = @saved_cs_client */;

--
-- Dumping data for table `StoredConfigurations`
--

LOCK TABLES `StoredConfigurations` WRITE;
/*!40000 ALTER TABLE `StoredConfigurations` DISABLE KEYS */;
INSERT INTO `StoredConfigurations` VALUES (11,'testconfig','A','class com.disney.xband.xbrc.attractionmodel.CEP','<venue name=\"80010114\" time=\"2012-01-17T18:45:41.406\">\n    <configuration name=\"testconfig\" type=\"full\">\n        <description/>\n        <properties>\n            <property class=\"AttractionModelConfig\"  name=\"abandonmenttimeout\">60</property>\n            <property class=\"AttractionModelConfig\"  name=\"bluelightduration\">2500</property>\n            <property class=\"AttractionModelConfig\"  name=\"deferentrymessages\">true</property>\n            <property class=\"AttractionModelConfig\"  name=\"errorlightperiod\">250</property>\n            <property class=\"AttractionModelConfig\"  name=\"errorpattern\">bnb</property>\n            <property class=\"AttractionModelConfig\"  name=\"exitstatetimeout\">120</property>\n            <property class=\"AttractionModelConfig\"  name=\"greenlightduration\">1000</property>\n            <property class=\"AttractionModelConfig\"  name=\"gstsaveperiod\">1000</property>\n            <property class=\"AttractionModelConfig\"  name=\"gxpurl\">#</property>\n            <property class=\"AttractionModelConfig\"  name=\"loadtype\">trailing</property>\n            <property class=\"AttractionModelConfig\"  name=\"metricsperiod\">15</property>\n            <property class=\"AttractionModelConfig\"  name=\"onridetimeout\">2</property>\n            <property class=\"ControllerInfo\"  name=\"adjusteventtimes\">true</property>\n            <property class=\"ControllerInfo\"  name=\"dateformat\">yyyy-MM-dd HH:mm:ss z</property>\n            <property class=\"ControllerInfo\"  name=\"discoverynetprefix\">10.</property>\n            <property class=\"ControllerInfo\"  name=\"eventdumpfile\">eventdump.txt</property>\n            <property class=\"ControllerInfo\"  name=\"eventprocessingperiod_msec\">200</property>\n            <property class=\"ControllerInfo\"  name=\"eventsperbatch\">500</property>\n            <property class=\"ControllerInfo\"  name=\"httpport\">8080</property>\n            <property class=\"ControllerInfo\"  name=\"httpsport\">0</property>\n            <property class=\"ControllerInfo\"  name=\"idmscachetime_sec\">1800</property>\n            <property class=\"ControllerInfo\"  name=\"jmsretryperiod\">1000</property>\n            <property class=\"ControllerInfo\"  name=\"maxreadsbeforepurge\">8</property>\n            <property class=\"ControllerInfo\"  name=\"messagestorageperiod\">3600</property>\n            <property class=\"ControllerInfo\"  name=\"metricsperiod\">15</property>\n            <property class=\"ControllerInfo\"  name=\"model\">com.disney.xband.xbrc.attractionmodel.CEP</property>\n            <property class=\"ControllerInfo\"  name=\"onridetimeout\">2</property>\n            <property class=\"ControllerInfo\"  name=\"ownipprefix\">10.</property>\n            <property class=\"ControllerInfo\"  name=\"pass\">Mayhem!23</property>\n            <property class=\"ControllerInfo\"  name=\"perfmetricsperiod\">300</property>\n            <property class=\"ControllerInfo\"  name=\"pushmode\">true</property>\n            <property class=\"ControllerInfo\"  name=\"readerdatasendperiod_msec\">100</property>\n            <property class=\"ControllerInfo\"  name=\"readerhellotimeoutsec\">90</property>\n            <property class=\"ControllerInfo\"  name=\"readerhttptimeout_msec\">3000</property>\n            <property class=\"ControllerInfo\"  name=\"readertestmode\">false</property>\n            <property class=\"ControllerInfo\"  name=\"reducedataslicing\">true</property>\n            <property class=\"ControllerInfo\"  name=\"reversetapids\">false</property>\n            <property class=\"ControllerInfo\"  name=\"rfidtestmode\">false</property>\n            <property class=\"ControllerInfo\"  name=\"setreadertime\">true</property>\n            <property class=\"ControllerInfo\"  name=\"singulationalgorithm\">max</property>\n            <property class=\"ControllerInfo\"  name=\"snmp_enabled\">false</property>\n            <property class=\"ControllerInfo\"  name=\"updatestreamhttptimeout_msec\">2000</property>\n            <property class=\"ControllerInfo\"  name=\"updatestreamurl\"></property>\n            <property class=\"ControllerInfo\"  name=\"user\">EMUser</property>\n            <property class=\"ControllerInfo\"  name=\"venue\">80010114</property>\n            <property class=\"ControllerInfo\"  name=\"verbose\">false</property>\n            <property class=\"ControllerInfo\"  name=\"watchedbandtimeout\">180</property>\n            <property class=\"ControllerInfo\"  name=\"wwwdir\">/usr/share/xbrc/www</property>\n            <property class=\"ControllerInfo\"  name=\"xviewurl\">http://localhost:8090/Xview</property>\n            <property class=\"ESBInfo\"  name=\"jmsbroker\">10.75.3.57:2506</property>\n            <property class=\"ESBInfo\"  name=\"jmsdiscoverytimesec\">60</property>\n            <property class=\"ESBInfo\"  name=\"jmspassword\">Administrator</property>\n            <property class=\"ESBInfo\"  name=\"jmsqueryqueue\">disney.xband.xbrc.queryqueue</property>\n            <property class=\"ESBInfo\"  name=\"jmsrequestqueue\">com.synapse.xbrcIn</property>\n            <property class=\"ESBInfo\"  name=\"jmstopic\">com.synapse.xbrc</property>\n            <property class=\"ESBInfo\"  name=\"jmsuser\">Administrator</property>\n            <property class=\"EventConfig\"  name=\"amplifiedsignalstrengthmax\">-40</property>\n            <property class=\"EventConfig\"  name=\"amplifiedsignalstrengthmin\">-90</property>\n            <property class=\"EventConfig\"  name=\"deltatime\">3000</property>\n            <property class=\"ReaderConfig\"  name=\"gainsliderincrement\">0.1</property>\n            <property class=\"ReaderConfig\"  name=\"initialized\">false</property>\n            <property class=\"ReaderConfig\"  name=\"maximumgain\">2.0</property>\n            <property class=\"ReaderConfig\"  name=\"maximumthreshold\">63</property>\n            <property class=\"ReaderConfig\"  name=\"minimumgain\">-1.0</property>\n            <property class=\"ReaderConfig\"  name=\"minimumthreshold\">0</property>\n            <property class=\"ReaderConfig\"  name=\"minnormaltemperature\">19.0</property>\n            <property class=\"ReaderConfig\"  name=\"mmaxnormaltemperature\">22.0</property>\n            <property class=\"ReaderConfig\"  name=\"temperaturetoohigh\">25.0</property>\n            <property class=\"ReaderConfig\"  name=\"thresholdsliderincrement\">1</property>\n            <property class=\"ReaderConfig\"  name=\"xbrcconfigmodseq\">2</property>\n            <property class=\"ServiceLocator\"  name=\"service_implementor_suffix\">Imp</property>\n            <property class=\"UIAttractionViewConfig\"  name=\"gridheight\">9</property>\n            <property class=\"UIAttractionViewConfig\"  name=\"gridsize\">50</property>\n            <property class=\"UIAttractionViewConfig\"  name=\"gridwidth\">18</property>\n            <property class=\"UIAttractionViewConfig\"  name=\"guesticonheight\">24</property>\n            <property class=\"UIAttractionViewConfig\"  name=\"guesticonspacing\">10</property>\n            <property class=\"UIAttractionViewConfig\"  name=\"guesticonstagger\">4</property>\n            <property class=\"UIAttractionViewConfig\"  name=\"guesticonwidth\">24</property>\n            <property class=\"UIAttractionViewConfig\"  name=\"maxguestspericon\">5</property>\n            <property class=\"UIAttractionViewConfig\"  name=\"maxiconspergriditem\">3</property>\n            <property class=\"UIConfig\"  name=\"controllerurl\">http://localhost:8080</property>\n            <property class=\"UIConfig\"  name=\"guestxviewcachetimesec\">1800</property>\n            <property class=\"UIConfig\"  name=\"xviewurl\">http://localhost:8090/Xview</property>\n        </properties>\n        <readerlocationinfo>\n            <readerlocation>\n                <section></section>\n                <name>Load2</name>\n                <id>8</id>\n                <type>4</type>\n                <x>76.0</x>\n                <y>76.0</y>\n                <readers>\n                    <reader>\n                        <name>load2-4</name>\n                        <id>27</id>\n                        <type>Long Range</type>\n                        <macaddress>00:00:00:00:00:00</macaddress>\n                        <ipaddress>127.0.0.1</ipaddress>\n                        <port>8084</port>\n                        <gain>1.0</gain>\n                        <threshold>-70</threshold>\n                        <lane>0</lane>\n                        <deviceid>0</deviceid>\n                        <x>78</x>\n                        <y>13</y>\n                        <timelasthello>1326487269780</timelasthello>\n                        <version>Simulated</version>\n                        <minxbrcversion>1.0.0.0</minxbrcversion>\n                    </reader>\n                    <reader>\n                        <name>load2-3</name>\n                        <id>26</id>\n                        <type>Long Range</type>\n                        <macaddress>00:00:00:00:00:00</macaddress>\n                        <ipaddress>127.0.0.1</ipaddress>\n                        <port>8083</port>\n                        <gain>1.0</gain>\n                        <threshold>-70</threshold>\n                        <lane>0</lane>\n                        <deviceid>0</deviceid>\n                        <x>75</x>\n                        <y>13</y>\n                        <timelasthello>1326487269827</timelasthello>\n                        <version>Simulated</version>\n                        <minxbrcversion>1.0.0.0</minxbrcversion>\n                    </reader>\n                    <reader>\n                        <name>load2-2</name>\n                        <id>25</id>\n                        <type>Long Range</type>\n                        <macaddress>00:00:00:00:00:00</macaddress>\n                        <ipaddress>127.0.0.1</ipaddress>\n                        <port>8082</port>\n                        <gain>1.0</gain>\n                        <threshold>-70</threshold>\n                        <lane>0</lane>\n                        <deviceid>0</deviceid>\n                        <x>78</x>\n                        <y>10</y>\n                        <timelasthello>1326487269748</timelasthello>\n                        <version>Simulated</version>\n                        <minxbrcversion>1.0.0.0</minxbrcversion>\n                    </reader>\n                    <reader>\n                        <name>load2-1</name>\n                        <id>24</id>\n                        <type>Long Range</type>\n                        <macaddress>00:00:00:00:00:00</macaddress>\n                        <ipaddress>127.0.0.1</ipaddress>\n                        <port>8081</port>\n                        <gain>1.0</gain>\n                        <threshold>-70</threshold>\n                        <lane>0</lane>\n                        <deviceid>0</deviceid>\n                        <x>75</x>\n                        <y>10</y>\n                        <timelasthello>1326487269770</timelasthello>\n                        <version>Simulated</version>\n                        <minxbrcversion>1.0.0.0</minxbrcversion>\n                    </reader>\n                </readers>\n            </readerlocation>\n            <readerlocation>\n                <section></section>\n                <name>Load1</name>\n                <id>7</id>\n                <type>4</type>\n                <x>76.0</x>\n                <y>76.0</y>\n                <readers>\n                    <reader>\n                        <name>load1-4</name>\n                        <id>23</id>\n                        <type>Long Range</type>\n                        <macaddress>00:00:00:00:00:00</macaddress>\n                        <ipaddress>127.0.0.1</ipaddress>\n                        <port>8074</port>\n                        <gain>1.0</gain>\n                        <threshold>-70</threshold>\n                        <lane>0</lane>\n                        <deviceid>0</deviceid>\n                        <x>78</x>\n                        <y>3</y>\n                        <timelasthello>1326487269750</timelasthello>\n                        <version>Simulated</version>\n                        <minxbrcversion>1.0.0.0</minxbrcversion>\n                    </reader>\n                    <reader>\n                        <name>load1-3</name>\n                        <id>22</id>\n                        <type>Long Range</type>\n                        <macaddress>00:00:00:00:00:00</macaddress>\n                        <ipaddress>127.0.0.1</ipaddress>\n                        <port>8073</port>\n                        <gain>1.0</gain>\n                        <threshold>-70</threshold>\n                        <lane>0</lane>\n                        <deviceid>0</deviceid>\n                        <x>75</x>\n                        <y>3</y>\n                        <timelasthello>1326487269779</timelasthello>\n                        <version>Simulated</version>\n                        <minxbrcversion>1.0.0.0</minxbrcversion>\n                    </reader>\n                    <reader>\n                        <name>load1-2</name>\n                        <id>21</id>\n                        <type>Long Range</type>\n                        <macaddress>00:00:00:00:00:00</macaddress>\n                        <ipaddress>127.0.0.1</ipaddress>\n                        <port>8072</port>\n                        <gain>1.0</gain>\n                        <threshold>-70</threshold>\n                        <lane>0</lane>\n                        <deviceid>0</deviceid>\n                        <x>78</x>\n                        <y>0</y>\n                        <timelasthello>1326487269575</timelasthello>\n                        <version>Simulated</version>\n                        <minxbrcversion>1.0.0.0</minxbrcversion>\n                    </reader>\n                    <reader>\n                        <name>load1-1</name>\n                        <id>20</id>\n                        <type>Long Range</type>\n                        <macaddress>00:00:00:00:00:00</macaddress>\n                        <ipaddress>127.0.0.1</ipaddress>\n                        <port>8071</port>\n                        <gain>1.0</gain>\n                        <threshold>-70</threshold>\n                        <lane>0</lane>\n                        <deviceid>0</deviceid>\n                        <x>75</x>\n                        <y>0</y>\n                        <timelasthello>1326487269540</timelasthello>\n                        <version>Simulated</version>\n                        <minxbrcversion>1.0.0.0</minxbrcversion>\n                    </reader>\n                </readers>\n            </readerlocation>\n            <readerlocation>\n                <section></section>\n                <name>Exit</name>\n                <id>6</id>\n                <type>3</type>\n                <x>101.0</x>\n                <y>101.0</y>\n                <readers>\n                    <reader>\n                        <name>exit-4</name>\n                        <id>19</id>\n                        <type>Long Range</type>\n                        <macaddress>00:00:00:00:00:00</macaddress>\n                        <ipaddress>127.0.0.1</ipaddress>\n                        <port>8064</port>\n                        <gain>1.0</gain>\n                        <threshold>-70</threshold>\n                        <lane>0</lane>\n                        <deviceid>0</deviceid>\n                        <x>103</x>\n                        <y>8</y>\n                        <timelasthello>1326487270059</timelasthello>\n                        <version>Simulated</version>\n                        <minxbrcversion>1.0.0.0</minxbrcversion>\n                    </reader>\n                    <reader>\n                        <name>exit-3</name>\n                        <id>18</id>\n                        <type>Long Range</type>\n                        <macaddress>00:00:00:00:00:00</macaddress>\n                        <ipaddress>127.0.0.1</ipaddress>\n                        <port>8063</port>\n                        <gain>1.0</gain>\n                        <threshold>-70</threshold>\n                        <lane>0</lane>\n                        <deviceid>0</deviceid>\n                        <x>100</x>\n                        <y>8</y>\n                        <timelasthello>1326487270018</timelasthello>\n                        <version>Simulated</version>\n                        <minxbrcversion>1.0.0.0</minxbrcversion>\n                    </reader>\n                    <reader>\n                        <name>exit-2</name>\n                        <id>17</id>\n                        <type>Long Range</type>\n                        <macaddress>00:00:00:00:00:00</macaddress>\n                        <ipaddress>127.0.0.1</ipaddress>\n                        <port>8062</port>\n                        <gain>1.0</gain>\n                        <threshold>-70</threshold>\n                        <lane>0</lane>\n                        <deviceid>0</deviceid>\n                        <x>103</x>\n                        <y>5</y>\n                        <timelasthello>1326487269984</timelasthello>\n                        <version>Simulated</version>\n                        <minxbrcversion>1.0.0.0</minxbrcversion>\n                    </reader>\n                    <reader>\n                        <name>exit-1</name>\n                        <id>16</id>\n                        <type>Long Range</type>\n                        <macaddress>00:00:00:00:00:00</macaddress>\n                        <ipaddress>127.0.0.1</ipaddress>\n                        <port>8061</port>\n                        <gain>1.0</gain>\n                        <threshold>-70</threshold>\n                        <lane>0</lane>\n                        <deviceid>0</deviceid>\n                        <x>100</x>\n                        <y>5</y>\n                        <timelasthello>1326487269783</timelasthello>\n                        <version>Simulated</version>\n                        <minxbrcversion>1.0.0.0</minxbrcversion>\n                    </reader>\n                </readers>\n            </readerlocation>\n            <readerlocation>\n                <section></section>\n                <name>xPassEntry</name>\n                <id>5</id>\n                <type>7</type>\n                <x>10.0</x>\n                <y>10.0</y>\n                <readers>\n                    <reader>\n                        <name>xpassentry</name>\n                        <id>15</id>\n                        <type>Tap</type>\n                        <macaddress>00:00:00:00:00:00</macaddress>\n                        <ipaddress>127.0.0.1</ipaddress>\n                        <port>8051</port>\n                        <gain>1.0</gain>\n                        <threshold>0</threshold>\n                        <lane>0</lane>\n                        <deviceid>0</deviceid>\n                        <x>8</x>\n                        <y>10</y>\n                        <timelasthello>1326487269211</timelasthello>\n                        <version>Simulated</version>\n                        <minxbrcversion>1.0.0.0</minxbrcversion>\n                    </reader>\n                </readers>\n            </readerlocation>\n            <readerlocation>\n                <section></section>\n                <name>Merge</name>\n                <id>4</id>\n                <type>6</type>\n                <x>15.0</x>\n                <y>15.0</y>\n                <readers>\n                    <reader>\n                        <name>merge</name>\n                        <id>14</id>\n                        <type>Tap</type>\n                        <macaddress>00:00:00:00:00:00</macaddress>\n                        <ipaddress>127.0.0.1</ipaddress>\n                        <port>8041</port>\n                        <gain>1.0</gain>\n                        <threshold>0</threshold>\n                        <lane>0</lane>\n                        <deviceid>0</deviceid>\n                        <x>15</x>\n                        <y>10</y>\n                        <timelasthello>1326487269176</timelasthello>\n                        <version>Simulated</version>\n                        <minxbrcversion>1.0.0.0</minxbrcversion>\n                    </reader>\n                </readers>\n            </readerlocation>\n            <readerlocation>\n                <section></section>\n                <name>MergeLRR</name>\n                <id>3</id>\n                <type>6</type>\n                <x>15.0</x>\n                <y>15.0</y>\n                <readers>\n                    <reader>\n                        <name>mergelrr-4</name>\n                        <id>13</id>\n                        <type>Long Range</type>\n                        <macaddress>00:00:00:00:00:00</macaddress>\n                        <ipaddress>127.0.0.1</ipaddress>\n                        <port>8034</port>\n                        <gain>1.0</gain>\n                        <threshold>-70</threshold>\n                        <lane>0</lane>\n                        <deviceid>0</deviceid>\n                        <x>18</x>\n                        <y>8</y>\n                        <timelasthello>1326487269150</timelasthello>\n                        <version>Simulated</version>\n                        <minxbrcversion>1.0.0.0</minxbrcversion>\n                    </reader>\n                    <reader>\n                        <name>mergelrr-3</name>\n                        <id>12</id>\n                        <type>Long Range</type>\n                        <macaddress>00:00:00:00:00:00</macaddress>\n                        <ipaddress>127.0.0.1</ipaddress>\n                        <port>8033</port>\n                        <gain>1.0</gain>\n                        <threshold>-70</threshold>\n                        <lane>0</lane>\n                        <deviceid>0</deviceid>\n                        <x>15</x>\n                        <y>8</y>\n                        <timelasthello>1326487269183</timelasthello>\n                        <version>Simulated</version>\n                        <minxbrcversion>1.0.0.0</minxbrcversion>\n                    </reader>\n                    <reader>\n                        <name>mergelrr-2</name>\n                        <id>11</id>\n                        <type>Long Range</type>\n                        <macaddress>00:00:00:00:00:00</macaddress>\n                        <ipaddress>127.0.0.1</ipaddress>\n                        <port>8032</port>\n                        <gain>1.0</gain>\n                        <threshold>-70</threshold>\n                        <lane>0</lane>\n                        <deviceid>0</deviceid>\n                        <x>18</x>\n                        <y>5</y>\n                        <timelasthello>1326487269242</timelasthello>\n                        <version>Simulated</version>\n                        <minxbrcversion>1.0.0.0</minxbrcversion>\n                    </reader>\n                    <reader>\n                        <name>mergelrr-1</name>\n                        <id>10</id>\n                        <type>Long Range</type>\n                        <macaddress>00:00:00:00:00:00</macaddress>\n                        <ipaddress>127.0.0.1</ipaddress>\n                        <port>8031</port>\n                        <gain>1.0</gain>\n                        <threshold>-70</threshold>\n                        <lane>0</lane>\n                        <deviceid>0</deviceid>\n                        <x>15</x>\n                        <y>5</y>\n                        <timelasthello>1326487269242</timelasthello>\n                        <version>Simulated</version>\n                        <minxbrcversion>1.0.0.0</minxbrcversion>\n                    </reader>\n                </readers>\n            </readerlocation>\n            <readerlocation>\n                <section></section>\n                <name>Queue</name>\n                <id>2</id>\n                <type>2</type>\n                <x>51.0</x>\n                <y>51.0</y>\n                <readers>\n                    <reader>\n                        <name>queue-4</name>\n                        <id>9</id>\n                        <type>Long Range</type>\n                        <macaddress>00:00:00:00:00:00</macaddress>\n                        <ipaddress>127.0.0.1</ipaddress>\n                        <port>8024</port>\n                        <gain>1.0</gain>\n                        <threshold>-70</threshold>\n                        <lane>0</lane>\n                        <deviceid>0</deviceid>\n                        <x>53</x>\n                        <y>8</y>\n                        <timelasthello>1326487269480</timelasthello>\n                        <version>Simulated</version>\n                        <minxbrcversion>1.0.0.0</minxbrcversion>\n                    </reader>\n                    <reader>\n                        <name>queue-3</name>\n                        <id>8</id>\n                        <type>Long Range</type>\n                        <macaddress>00:00:00:00:00:00</macaddress>\n                        <ipaddress>127.0.0.1</ipaddress>\n                        <port>8023</port>\n                        <gain>1.0</gain>\n                        <threshold>-70</threshold>\n                        <lane>0</lane>\n                        <deviceid>0</deviceid>\n                        <x>50</x>\n                        <y>8</y>\n                        <timelasthello>1326487269230</timelasthello>\n                        <version>Simulated</version>\n                        <minxbrcversion>1.0.0.0</minxbrcversion>\n                    </reader>\n                    <reader>\n                        <name>queue-2</name>\n                        <id>7</id>\n                        <type>Long Range</type>\n                        <macaddress>00:00:00:00:00:00</macaddress>\n                        <ipaddress>127.0.0.1</ipaddress>\n                        <port>8022</port>\n                        <gain>1.0</gain>\n                        <threshold>-70</threshold>\n                        <lane>0</lane>\n                        <deviceid>0</deviceid>\n                        <x>53</x>\n                        <y>5</y>\n                        <timelasthello>1326487269241</timelasthello>\n                        <version>Simulated</version>\n                        <minxbrcversion>1.0.0.0</minxbrcversion>\n                    </reader>\n                    <reader>\n                        <name>queue-1</name>\n                        <id>6</id>\n                        <type>Long Range</type>\n                        <macaddress>00:00:00:00:00:00</macaddress>\n                        <ipaddress>127.0.0.1</ipaddress>\n                        <port>8021</port>\n                        <gain>1.0</gain>\n                        <threshold>-70</threshold>\n                        <lane>0</lane>\n                        <deviceid>0</deviceid>\n                        <x>50</x>\n                        <y>5</y>\n                        <timelasthello>1326487269239</timelasthello>\n                        <version>Simulated</version>\n                        <minxbrcversion>1.0.0.0</minxbrcversion>\n                    </reader>\n                </readers>\n            </readerlocation>\n            <readerlocation>\n                <section></section>\n                <name>Entry</name>\n                <id>1</id>\n                <type>1</type>\n                <x>1.0</x>\n                <y>1.0</y>\n                <readers>\n                    <reader>\n                        <name>entry-4</name>\n                        <id>5</id>\n                        <type>Long Range</type>\n                        <macaddress>00:00:00:00:00:00</macaddress>\n                        <ipaddress>127.0.0.1</ipaddress>\n                        <port>8014</port>\n                        <gain>1.0</gain>\n                        <threshold>-70</threshold>\n                        <lane>0</lane>\n                        <deviceid>0</deviceid>\n                        <x>3</x>\n                        <y>3</y>\n                        <timelasthello>1326487269198</timelasthello>\n                        <version>Simulated</version>\n                        <minxbrcversion>1.0.0.0</minxbrcversion>\n                    </reader>\n                    <reader>\n                        <name>entry-3</name>\n                        <id>4</id>\n                        <type>Long Range</type>\n                        <macaddress>00:00:00:00:00:00</macaddress>\n                        <ipaddress>127.0.0.1</ipaddress>\n                        <port>8013</port>\n                        <gain>1.0</gain>\n                        <threshold>-70</threshold>\n                        <lane>0</lane>\n                        <deviceid>0</deviceid>\n                        <x>0</x>\n                        <y>3</y>\n                        <timelasthello>1326487268779</timelasthello>\n                        <version>Simulated</version>\n                        <minxbrcversion>1.0.0.0</minxbrcversion>\n                    </reader>\n                    <reader>\n                        <name>entry-2</name>\n                        <id>3</id>\n                        <type>Long Range</type>\n                        <macaddress>00:00:00:00:00:00</macaddress>\n                        <ipaddress>127.0.0.1</ipaddress>\n                        <port>8012</port>\n                        <gain>1.0</gain>\n                        <threshold>-70</threshold>\n                        <lane>0</lane>\n                        <deviceid>0</deviceid>\n                        <x>3</x>\n                        <y>0</y>\n                        <timelasthello>1326487268797</timelasthello>\n                        <version>Simulated</version>\n                        <minxbrcversion>1.0.0.0</minxbrcversion>\n                    </reader>\n                    <reader>\n                        <name>entry-1</name>\n                        <id>2</id>\n                        <type>Long Range</type>\n                        <macaddress>00:00:00:00:00:00</macaddress>\n                        <ipaddress>127.0.0.1</ipaddress>\n                        <port>8011</port>\n                        <gain>1.0</gain>\n                        <threshold>-70</threshold>\n                        <lane>0</lane>\n                        <deviceid>0</deviceid>\n                        <x>0</x>\n                        <y>0</y>\n                        <timelasthello>1326487268778</timelasthello>\n                        <version>Simulated</version>\n                        <minxbrcversion>1.0.0.0</minxbrcversion>\n                    </reader>\n                </readers>\n            </readerlocation>\n            <readerlocation>\n                <section></section>\n                <name>UNKNOWN</name>\n                <id>0</id>\n                <type>8</type>\n                <x>0.0</x>\n                <y>0.0</y>\n                <readers>\n                </readers>\n            </readerlocation>\n        </readerlocationinfo>\n        <griditems>\n            <griditem id=\"1\" type=\"Gate\" xgrid=\"1\" ygrid=\"5\">\n                <state></state>\n                <label>Entry</label>\n                <description>Entry for non-XPass guests</description>\n                <image></image>\n                <sequence>0</sequence>\n                <gueststoshow>0</gueststoshow>\n                <locationid>1</locationid>\n            </griditem>\n            <griditem id=\"2\" type=\"HPath\" xgrid=\"2\" ygrid=\"5\">\n                <state></state>\n                <label></label>\n                <description>Guests have entered the attraction</description>\n                <image></image>\n                <sequence>1</sequence>\n                <gueststoshow>0</gueststoshow>\n                <locationid>1</locationid>\n            </griditem>\n            <griditem id=\"3\" type=\"HPath\" xgrid=\"3\" ygrid=\"5\">\n                <state>INDETERMINATE</state>\n                <label></label>\n                <description>Guests have entered the attraction</description>\n                <image></image>\n                <sequence>2</sequence>\n                <gueststoshow>2</gueststoshow>\n                <locationid>1</locationid>\n            </griditem>\n            <griditem id=\"4\" type=\"Gate\" xgrid=\"6\" ygrid=\"3\">\n                <state>HASMERGED</state>\n                <label>Merge</label>\n                <description>Merge point</description>\n                <image></image>\n                <sequence>0</sequence>\n                <gueststoshow>1</gueststoshow>\n                <locationid>0</locationid>\n            </griditem>\n            <griditem id=\"5\" type=\"Gate\" xgrid=\"4\" ygrid=\"3\">\n                <state></state>\n                <label>XPass Entry</label>\n                <description>Entry for XPass guests</description>\n                <image>GateGreen.png</image>\n                <sequence>0</sequence>\n                <gueststoshow>1</gueststoshow>\n                <locationid>5</locationid>\n            </griditem>\n            <griditem id=\"6\" type=\"HPath\" xgrid=\"5\" ygrid=\"3\">\n                <state></state>\n                <label></label>\n                <description>XPass guests have entered the attraction</description>\n                <image></image>\n                <sequence>1</sequence>\n                <gueststoshow>1</gueststoshow>\n                <locationid>1</locationid>\n            </griditem>\n            <griditem id=\"11\" type=\"Gate\" xgrid=\"7\" ygrid=\"5\">\n                <state>INDETERMINATE</state>\n                <label>Queue</label>\n                <description>Queue waypoint</description>\n                <image>GateRed.png</image>\n                <sequence>0</sequence>\n                <gueststoshow>0</gueststoshow>\n                <locationid>2</locationid>\n            </griditem>\n            <griditem id=\"12\" type=\"TWest\" xgrid=\"8\" ygrid=\"5\">\n                <state></state>\n                <label></label>\n                <description>Guests have passed the Queue2 waypoint</description>\n                <image></image>\n                <sequence>1</sequence>\n                <gueststoshow>0</gueststoshow>\n                <locationid>2</locationid>\n            </griditem>\n            <griditem id=\"13\" type=\"ESTurn\" xgrid=\"8\" ygrid=\"4\">\n                <state></state>\n                <label></label>\n                <description>Guests have passed the Queue2 waypoint</description>\n                <image></image>\n                <sequence>2</sequence>\n                <gueststoshow>0</gueststoshow>\n                <locationid>2</locationid>\n            </griditem>\n            <griditem id=\"14\" type=\"ENTurn\" xgrid=\"8\" ygrid=\"6\">\n                <state></state>\n                <label></label>\n                <description>Guests have passed the Queue2 waypoint</description>\n                <image></image>\n                <sequence>3</sequence>\n                <gueststoshow>0</gueststoshow>\n                <locationid>2</locationid>\n            </griditem>\n            <griditem id=\"15\" type=\"Gate\" xgrid=\"10\" ygrid=\"4\">\n                <state></state>\n                <label>Load One</label>\n                <description>Loading point one</description>\n                <image>GateYellow.png</image>\n                <sequence>0</sequence>\n                <gueststoshow>0</gueststoshow>\n                <locationid>7</locationid>\n            </griditem>\n            <griditem id=\"16\" type=\"Gate\" xgrid=\"10\" ygrid=\"6\">\n                <state></state>\n                <label>Load Two</label>\n                <description>Loading point two</description>\n                <image>GateYellow.png</image>\n                <sequence>0</sequence>\n                <gueststoshow>0</gueststoshow>\n                <locationid>8</locationid>\n            </griditem>\n            <griditem id=\"17\" type=\"WSTurn\" xgrid=\"11\" ygrid=\"4\">\n                <state>RIDING</state>\n                <label></label>\n                <description>Guests are riding</description>\n                <image></image>\n                <sequence>1</sequence>\n                <gueststoshow>0</gueststoshow>\n                <locationid>0</locationid>\n            </griditem>\n            <griditem id=\"18\" type=\"WNTurn\" xgrid=\"11\" ygrid=\"6\">\n                <state>RIDING</state>\n                <label></label>\n                <description>Guests are riding</description>\n                <image></image>\n                <sequence>2</sequence>\n                <gueststoshow>0</gueststoshow>\n                <locationid>0</locationid>\n            </griditem>\n            <griditem id=\"19\" type=\"TEast\" xgrid=\"11\" ygrid=\"5\">\n                <state>RIDING</state>\n                <label></label>\n                <description>Guests are riding</description>\n                <image></image>\n                <sequence>3</sequence>\n                <gueststoshow>0</gueststoshow>\n                <locationid>0</locationid>\n            </griditem>\n            <griditem id=\"20\" type=\"HPath\" xgrid=\"12\" ygrid=\"5\">\n                <state>RIDING</state>\n                <label></label>\n                <description>Guests are riding</description>\n                <image></image>\n                <sequence>4</sequence>\n                <gueststoshow>0</gueststoshow>\n                <locationid>0</locationid>\n            </griditem>\n            <griditem id=\"21\" type=\"Gate\" xgrid=\"13\" ygrid=\"5\">\n                <state></state>\n                <label>Exit</label>\n                <description>Attraction exit</description>\n                <image></image>\n                <sequence>0</sequence>\n                <gueststoshow>0</gueststoshow>\n                <locationid>6</locationid>\n            </griditem>\n            <griditem id=\"22\" type=\"HPath\" xgrid=\"14\" ygrid=\"5\">\n                <state></state>\n                <label></label>\n                <description>Guests left the attaction</description>\n                <image></image>\n                <sequence>1</sequence>\n                <gueststoshow>0</gueststoshow>\n                <locationid>6</locationid>\n            </griditem>\n            <griditem id=\"24\" type=\"HPath\" xgrid=\"9\" ygrid=\"4\">\n                <state></state>\n                <label></label>\n                <description>Guests are loading at Load One</description>\n                <image></image>\n                <sequence>0</sequence>\n                <gueststoshow>0</gueststoshow>\n                <locationid>7</locationid>\n            </griditem>\n            <griditem id=\"25\" type=\"HPath\" xgrid=\"9\" ygrid=\"6\">\n                <state></state>\n                <label></label>\n                <description>Guests are loading at Load Two</description>\n                <image></image>\n                <sequence>0</sequence>\n                <gueststoshow>0</gueststoshow>\n                <locationid>8</locationid>\n            </griditem>\n            <griditem id=\"26\" type=\"VPath\" xgrid=\"6\" ygrid=\"4\">\n                <state>HASMERGED</state>\n                <label></label>\n                <description>XPass guests passed the Merge point</description>\n                <image></image>\n                <sequence>1</sequence>\n                <gueststoshow>1</gueststoshow>\n                <locationid>0</locationid>\n            </griditem>\n            <griditem id=\"27\" type=\"Gate\" xgrid=\"4\" ygrid=\"5\">\n                <state>HASMERGED</state>\n                <label>LRR  Merge</label>\n                <description></description>\n                <image>Gate.png</image>\n                <sequence>1</sequence>\n                <gueststoshow>2</gueststoshow>\n                <locationid>0</locationid>\n            </griditem>\n            <griditem id=\"28\" type=\"HPath\" xgrid=\"5\" ygrid=\"5\">\n                <state>HASMERGED</state>\n                <label></label>\n                <description></description>\n                <image></image>\n                <sequence>1</sequence>\n                <gueststoshow>2</gueststoshow>\n                <locationid>0</locationid>\n            </griditem>\n            <griditem id=\"29\" type=\"TNorth\" xgrid=\"6\" ygrid=\"5\">\n                <state>INDETERMINATE</state>\n                <label></label>\n                <description></description>\n                <image></image>\n                <sequence>0</sequence>\n                <gueststoshow>0</gueststoshow>\n                <locationid>0</locationid>\n            </griditem>\n        </griditems>\n        <model>\n        </model>\n    </configuration>\n</venue>\n'),(13,'testconfig2','A','class com.disney.xband.xbrc.attractionmodel.CEP','<venue name=\"80010114\" time=\"2012-01-17T18:46:28.113\">\n    <configuration name=\"testconfig2\" type=\"full\">\n        <description/>\n        <properties>\n            <property class=\"AttractionModelConfig\"  name=\"abandonmenttimeout\">60</property>\n            <property class=\"AttractionModelConfig\"  name=\"bluelightduration\">2500</property>\n            <property class=\"AttractionModelConfig\"  name=\"deferentrymessages\">true</property>\n            <property class=\"AttractionModelConfig\"  name=\"errorlightperiod\">250</property>\n            <property class=\"AttractionModelConfig\"  name=\"errorpattern\">bnb</property>\n            <property class=\"AttractionModelConfig\"  name=\"exitstatetimeout\">120</property>\n            <property class=\"AttractionModelConfig\"  name=\"greenlightduration\">1000</property>\n            <property class=\"AttractionModelConfig\"  name=\"gstsaveperiod\">1000</property>\n            <property class=\"AttractionModelConfig\"  name=\"gxpurl\">#</property>\n            <property class=\"AttractionModelConfig\"  name=\"loadtype\">trailing</property>\n            <property class=\"AttractionModelConfig\"  name=\"metricsperiod\">15</property>\n            <property class=\"AttractionModelConfig\"  name=\"onridetimeout\">2</property>\n            <property class=\"ControllerInfo\"  name=\"adjusteventtimes\">true</property>\n            <property class=\"ControllerInfo\"  name=\"dateformat\">yyyy-MM-dd HH:mm:ss z</property>\n            <property class=\"ControllerInfo\"  name=\"discoverynetprefix\">10.</property>\n            <property class=\"ControllerInfo\"  name=\"eventdumpfile\">eventdump.txt</property>\n            <property class=\"ControllerInfo\"  name=\"eventprocessingperiod_msec\">200</property>\n            <property class=\"ControllerInfo\"  name=\"eventsperbatch\">500</property>\n            <property class=\"ControllerInfo\"  name=\"httpport\">8080</property>\n            <property class=\"ControllerInfo\"  name=\"httpsport\">0</property>\n            <property class=\"ControllerInfo\"  name=\"idmscachetime_sec\">1800</property>\n            <property class=\"ControllerInfo\"  name=\"jmsretryperiod\">1000</property>\n            <property class=\"ControllerInfo\"  name=\"maxreadsbeforepurge\">8</property>\n            <property class=\"ControllerInfo\"  name=\"messagestorageperiod\">3600</property>\n            <property class=\"ControllerInfo\"  name=\"metricsperiod\">15</property>\n            <property class=\"ControllerInfo\"  name=\"model\">com.disney.xband.xbrc.attractionmodel.CEP</property>\n            <property class=\"ControllerInfo\"  name=\"onridetimeout\">2</property>\n            <property class=\"ControllerInfo\"  name=\"ownipprefix\">10.</property>\n            <property class=\"ControllerInfo\"  name=\"pass\">Mayhem!23</property>\n            <property class=\"ControllerInfo\"  name=\"perfmetricsperiod\">300</property>\n            <property class=\"ControllerInfo\"  name=\"pushmode\">true</property>\n            <property class=\"ControllerInfo\"  name=\"readerdatasendperiod_msec\">100</property>\n            <property class=\"ControllerInfo\"  name=\"readerhellotimeoutsec\">90</property>\n            <property class=\"ControllerInfo\"  name=\"readerhttptimeout_msec\">3000</property>\n            <property class=\"ControllerInfo\"  name=\"readertestmode\">false</property>\n            <property class=\"ControllerInfo\"  name=\"reducedataslicing\">true</property>\n            <property class=\"ControllerInfo\"  name=\"reversetapids\">false</property>\n            <property class=\"ControllerInfo\"  name=\"rfidtestmode\">false</property>\n            <property class=\"ControllerInfo\"  name=\"setreadertime\">true</property>\n            <property class=\"ControllerInfo\"  name=\"singulationalgorithm\">max</property>\n            <property class=\"ControllerInfo\"  name=\"snmp_enabled\">false</property>\n            <property class=\"ControllerInfo\"  name=\"updatestreamhttptimeout_msec\">2000</property>\n            <property class=\"ControllerInfo\"  name=\"updatestreamurl\"></property>\n            <property class=\"ControllerInfo\"  name=\"user\">EMUser</property>\n            <property class=\"ControllerInfo\"  name=\"venue\">80010114</property>\n            <property class=\"ControllerInfo\"  name=\"verbose\">false</property>\n            <property class=\"ControllerInfo\"  name=\"watchedbandtimeout\">180</property>\n            <property class=\"ControllerInfo\"  name=\"wwwdir\">/usr/share/xbrc/www</property>\n            <property class=\"ControllerInfo\"  name=\"xviewurl\">http://localhost:8090/Xview</property>\n            <property class=\"ESBInfo\"  name=\"jmsbroker\">10.75.3.57:2506</property>\n            <property class=\"ESBInfo\"  name=\"jmsdiscoverytimesec\">60</property>\n            <property class=\"ESBInfo\"  name=\"jmspassword\">Administrator</property>\n            <property class=\"ESBInfo\"  name=\"jmsqueryqueue\">disney.xband.xbrc.queryqueue</property>\n            <property class=\"ESBInfo\"  name=\"jmsrequestqueue\">com.synapse.xbrcIn</property>\n            <property class=\"ESBInfo\"  name=\"jmstopic\">com.synapse.xbrc</property>\n            <property class=\"ESBInfo\"  name=\"jmsuser\">Administrator</property>\n            <property class=\"EventConfig\"  name=\"amplifiedsignalstrengthmax\">-40</property>\n            <property class=\"EventConfig\"  name=\"amplifiedsignalstrengthmin\">-90</property>\n            <property class=\"EventConfig\"  name=\"deltatime\">3000</property>\n            <property class=\"ReaderConfig\"  name=\"gainsliderincrement\">0.1</property>\n            <property class=\"ReaderConfig\"  name=\"initialized\">false</property>\n            <property class=\"ReaderConfig\"  name=\"maximumgain\">2.0</property>\n            <property class=\"ReaderConfig\"  name=\"maximumthreshold\">63</property>\n            <property class=\"ReaderConfig\"  name=\"minimumgain\">-1.0</property>\n            <property class=\"ReaderConfig\"  name=\"minimumthreshold\">0</property>\n            <property class=\"ReaderConfig\"  name=\"minnormaltemperature\">19.0</property>\n            <property class=\"ReaderConfig\"  name=\"mmaxnormaltemperature\">22.0</property>\n            <property class=\"ReaderConfig\"  name=\"temperaturetoohigh\">25.0</property>\n            <property class=\"ReaderConfig\"  name=\"thresholdsliderincrement\">1</property>\n            <property class=\"ReaderConfig\"  name=\"xbrcconfigmodseq\">2</property>\n            <property class=\"ServiceLocator\"  name=\"service_implementor_suffix\">Imp</property>\n            <property class=\"UIAttractionViewConfig\"  name=\"gridheight\">9</property>\n            <property class=\"UIAttractionViewConfig\"  name=\"gridsize\">50</property>\n            <property class=\"UIAttractionViewConfig\"  name=\"gridwidth\">18</property>\n            <property class=\"UIAttractionViewConfig\"  name=\"guesticonheight\">24</property>\n            <property class=\"UIAttractionViewConfig\"  name=\"guesticonspacing\">10</property>\n            <property class=\"UIAttractionViewConfig\"  name=\"guesticonstagger\">4</property>\n            <property class=\"UIAttractionViewConfig\"  name=\"guesticonwidth\">24</property>\n            <property class=\"UIAttractionViewConfig\"  name=\"maxguestspericon\">5</property>\n            <property class=\"UIAttractionViewConfig\"  name=\"maxiconspergriditem\">3</property>\n            <property class=\"UIConfig\"  name=\"controllerurl\">http://localhost:8080</property>\n            <property class=\"UIConfig\"  name=\"guestxviewcachetimesec\">1800</property>\n            <property class=\"UIConfig\"  name=\"xviewurl\">http://localhost:8090/Xview</property>\n        </properties>\n        <readerlocationinfo>\n            <readerlocation>\n                <section></section>\n                <name>Load2</name>\n                <id>8</id>\n                <type>4</type>\n                <x>76.0</x>\n                <y>76.0</y>\n                <readers>\n                    <reader>\n                        <name>load2-4</name>\n                        <id>27</id>\n                        <type>Long Range</type>\n                        <macaddress>00:00:00:00:00:00</macaddress>\n                        <ipaddress>127.0.0.1</ipaddress>\n                        <port>8084</port>\n                        <gain>1.0</gain>\n                        <threshold>-70</threshold>\n                        <lane>0</lane>\n                        <deviceid>0</deviceid>\n                        <x>78</x>\n                        <y>13</y>\n                        <timelasthello>1326487269780</timelasthello>\n                        <version>Simulated</version>\n                        <minxbrcversion>1.0.0.0</minxbrcversion>\n                    </reader>\n                    <reader>\n                        <name>load2-3</name>\n                        <id>26</id>\n                        <type>Long Range</type>\n                        <macaddress>00:00:00:00:00:00</macaddress>\n                        <ipaddress>127.0.0.1</ipaddress>\n                        <port>8083</port>\n                        <gain>1.0</gain>\n                        <threshold>-70</threshold>\n                        <lane>0</lane>\n                        <deviceid>0</deviceid>\n                        <x>75</x>\n                        <y>13</y>\n                        <timelasthello>1326487269827</timelasthello>\n                        <version>Simulated</version>\n                        <minxbrcversion>1.0.0.0</minxbrcversion>\n                    </reader>\n                    <reader>\n                        <name>load2-2</name>\n                        <id>25</id>\n                        <type>Long Range</type>\n                        <macaddress>00:00:00:00:00:00</macaddress>\n                        <ipaddress>127.0.0.1</ipaddress>\n                        <port>8082</port>\n                        <gain>1.0</gain>\n                        <threshold>-70</threshold>\n                        <lane>0</lane>\n                        <deviceid>0</deviceid>\n                        <x>78</x>\n                        <y>10</y>\n                        <timelasthello>1326487269748</timelasthello>\n                        <version>Simulated</version>\n                        <minxbrcversion>1.0.0.0</minxbrcversion>\n                    </reader>\n                    <reader>\n                        <name>load2-1</name>\n                        <id>24</id>\n                        <type>Long Range</type>\n                        <macaddress>00:00:00:00:00:00</macaddress>\n                        <ipaddress>127.0.0.1</ipaddress>\n                        <port>8081</port>\n                        <gain>1.0</gain>\n                        <threshold>-70</threshold>\n                        <lane>0</lane>\n                        <deviceid>0</deviceid>\n                        <x>75</x>\n                        <y>10</y>\n                        <timelasthello>1326487269770</timelasthello>\n                        <version>Simulated</version>\n                        <minxbrcversion>1.0.0.0</minxbrcversion>\n                    </reader>\n                </readers>\n            </readerlocation>\n            <readerlocation>\n                <section></section>\n                <name>Load1</name>\n                <id>7</id>\n                <type>4</type>\n                <x>76.0</x>\n                <y>76.0</y>\n                <readers>\n                    <reader>\n                        <name>load1-4</name>\n                        <id>23</id>\n                        <type>Long Range</type>\n                        <macaddress>00:00:00:00:00:00</macaddress>\n                        <ipaddress>127.0.0.1</ipaddress>\n                        <port>8074</port>\n                        <gain>1.0</gain>\n                        <threshold>-70</threshold>\n                        <lane>0</lane>\n                        <deviceid>0</deviceid>\n                        <x>78</x>\n                        <y>3</y>\n                        <timelasthello>1326487269750</timelasthello>\n                        <version>Simulated</version>\n                        <minxbrcversion>1.0.0.0</minxbrcversion>\n                    </reader>\n                    <reader>\n                        <name>load1-3</name>\n                        <id>22</id>\n                        <type>Long Range</type>\n                        <macaddress>00:00:00:00:00:00</macaddress>\n                        <ipaddress>127.0.0.1</ipaddress>\n                        <port>8073</port>\n                        <gain>1.0</gain>\n                        <threshold>-70</threshold>\n                        <lane>0</lane>\n                        <deviceid>0</deviceid>\n                        <x>75</x>\n                        <y>3</y>\n                        <timelasthello>1326487269779</timelasthello>\n                        <version>Simulated</version>\n                        <minxbrcversion>1.0.0.0</minxbrcversion>\n                    </reader>\n                    <reader>\n                        <name>load1-2</name>\n                        <id>21</id>\n                        <type>Long Range</type>\n                        <macaddress>00:00:00:00:00:00</macaddress>\n                        <ipaddress>127.0.0.1</ipaddress>\n                        <port>8072</port>\n                        <gain>1.0</gain>\n                        <threshold>-70</threshold>\n                        <lane>0</lane>\n                        <deviceid>0</deviceid>\n                        <x>78</x>\n                        <y>0</y>\n                        <timelasthello>1326487269575</timelasthello>\n                        <version>Simulated</version>\n                        <minxbrcversion>1.0.0.0</minxbrcversion>\n                    </reader>\n                    <reader>\n                        <name>load1-1</name>\n                        <id>20</id>\n                        <type>Long Range</type>\n                        <macaddress>00:00:00:00:00:00</macaddress>\n                        <ipaddress>127.0.0.1</ipaddress>\n                        <port>8071</port>\n                        <gain>1.0</gain>\n                        <threshold>-70</threshold>\n                        <lane>0</lane>\n                        <deviceid>0</deviceid>\n                        <x>75</x>\n                        <y>0</y>\n                        <timelasthello>1326487269540</timelasthello>\n                        <version>Simulated</version>\n                        <minxbrcversion>1.0.0.0</minxbrcversion>\n                    </reader>\n                </readers>\n            </readerlocation>\n            <readerlocation>\n                <section></section>\n                <name>Exit</name>\n                <id>6</id>\n                <type>3</type>\n                <x>101.0</x>\n                <y>101.0</y>\n                <readers>\n                    <reader>\n                        <name>exit-4</name>\n                        <id>19</id>\n                        <type>Long Range</type>\n                        <macaddress>00:00:00:00:00:00</macaddress>\n                        <ipaddress>127.0.0.1</ipaddress>\n                        <port>8064</port>\n                        <gain>1.0</gain>\n                        <threshold>-70</threshold>\n                        <lane>0</lane>\n                        <deviceid>0</deviceid>\n                        <x>103</x>\n                        <y>8</y>\n                        <timelasthello>1326487270059</timelasthello>\n                        <version>Simulated</version>\n                        <minxbrcversion>1.0.0.0</minxbrcversion>\n                    </reader>\n                    <reader>\n                        <name>exit-3</name>\n                        <id>18</id>\n                        <type>Long Range</type>\n                        <macaddress>00:00:00:00:00:00</macaddress>\n                        <ipaddress>127.0.0.1</ipaddress>\n                        <port>8063</port>\n                        <gain>1.0</gain>\n                        <threshold>-70</threshold>\n                        <lane>0</lane>\n                        <deviceid>0</deviceid>\n                        <x>100</x>\n                        <y>8</y>\n                        <timelasthello>1326487270018</timelasthello>\n                        <version>Simulated</version>\n                        <minxbrcversion>1.0.0.0</minxbrcversion>\n                    </reader>\n                    <reader>\n                        <name>exit-2</name>\n                        <id>17</id>\n                        <type>Long Range</type>\n                        <macaddress>00:00:00:00:00:00</macaddress>\n                        <ipaddress>127.0.0.1</ipaddress>\n                        <port>8062</port>\n                        <gain>1.0</gain>\n                        <threshold>-70</threshold>\n                        <lane>0</lane>\n                        <deviceid>0</deviceid>\n                        <x>103</x>\n                        <y>5</y>\n                        <timelasthello>1326487269984</timelasthello>\n                        <version>Simulated</version>\n                        <minxbrcversion>1.0.0.0</minxbrcversion>\n                    </reader>\n                    <reader>\n                        <name>exit-1</name>\n                        <id>16</id>\n                        <type>Long Range</type>\n                        <macaddress>00:00:00:00:00:00</macaddress>\n                        <ipaddress>127.0.0.1</ipaddress>\n                        <port>8061</port>\n                        <gain>1.0</gain>\n                        <threshold>-70</threshold>\n                        <lane>0</lane>\n                        <deviceid>0</deviceid>\n                        <x>100</x>\n                        <y>5</y>\n                        <timelasthello>1326487269783</timelasthello>\n                        <version>Simulated</version>\n                        <minxbrcversion>1.0.0.0</minxbrcversion>\n                    </reader>\n                </readers>\n            </readerlocation>\n            <readerlocation>\n                <section></section>\n                <name>xPassEntry</name>\n                <id>5</id>\n                <type>7</type>\n                <x>10.0</x>\n                <y>10.0</y>\n                <readers>\n                    <reader>\n                        <name>xpassentry</name>\n                        <id>15</id>\n                        <type>Tap</type>\n                        <macaddress>00:00:00:00:00:00</macaddress>\n                        <ipaddress>127.0.0.1</ipaddress>\n                        <port>8051</port>\n                        <gain>1.0</gain>\n                        <threshold>0</threshold>\n                        <lane>0</lane>\n                        <deviceid>0</deviceid>\n                        <x>8</x>\n                        <y>10</y>\n                        <timelasthello>1326487269211</timelasthello>\n                        <version>Simulated</version>\n                        <minxbrcversion>1.0.0.0</minxbrcversion>\n                    </reader>\n                </readers>\n            </readerlocation>\n            <readerlocation>\n                <section></section>\n                <name>Merge</name>\n                <id>4</id>\n                <type>6</type>\n                <x>15.0</x>\n                <y>15.0</y>\n                <readers>\n                    <reader>\n                        <name>merge</name>\n                        <id>14</id>\n                        <type>Tap</type>\n                        <macaddress>00:00:00:00:00:00</macaddress>\n                        <ipaddress>127.0.0.1</ipaddress>\n                        <port>8041</port>\n                        <gain>1.0</gain>\n                        <threshold>0</threshold>\n                        <lane>0</lane>\n                        <deviceid>0</deviceid>\n                        <x>15</x>\n                        <y>10</y>\n                        <timelasthello>1326487269176</timelasthello>\n                        <version>Simulated</version>\n                        <minxbrcversion>1.0.0.0</minxbrcversion>\n                    </reader>\n                </readers>\n            </readerlocation>\n            <readerlocation>\n                <section></section>\n                <name>MergeLRR</name>\n                <id>3</id>\n                <type>6</type>\n                <x>15.0</x>\n                <y>15.0</y>\n                <readers>\n                    <reader>\n                        <name>mergelrr-4</name>\n                        <id>13</id>\n                        <type>Long Range</type>\n                        <macaddress>00:00:00:00:00:00</macaddress>\n                        <ipaddress>127.0.0.1</ipaddress>\n                        <port>8034</port>\n                        <gain>1.0</gain>\n                        <threshold>-70</threshold>\n                        <lane>0</lane>\n                        <deviceid>0</deviceid>\n                        <x>18</x>\n                        <y>8</y>\n                        <timelasthello>1326487269150</timelasthello>\n                        <version>Simulated</version>\n                        <minxbrcversion>1.0.0.0</minxbrcversion>\n                    </reader>\n                    <reader>\n                        <name>mergelrr-3</name>\n                        <id>12</id>\n                        <type>Long Range</type>\n                        <macaddress>00:00:00:00:00:00</macaddress>\n                        <ipaddress>127.0.0.1</ipaddress>\n                        <port>8033</port>\n                        <gain>1.0</gain>\n                        <threshold>-70</threshold>\n                        <lane>0</lane>\n                        <deviceid>0</deviceid>\n                        <x>15</x>\n                        <y>8</y>\n                        <timelasthello>1326487269183</timelasthello>\n                        <version>Simulated</version>\n                        <minxbrcversion>1.0.0.0</minxbrcversion>\n                    </reader>\n                    <reader>\n                        <name>mergelrr-2</name>\n                        <id>11</id>\n                        <type>Long Range</type>\n                        <macaddress>00:00:00:00:00:00</macaddress>\n                        <ipaddress>127.0.0.1</ipaddress>\n                        <port>8032</port>\n                        <gain>1.0</gain>\n                        <threshold>-70</threshold>\n                        <lane>0</lane>\n                        <deviceid>0</deviceid>\n                        <x>18</x>\n                        <y>5</y>\n                        <timelasthello>1326487269242</timelasthello>\n                        <version>Simulated</version>\n                        <minxbrcversion>1.0.0.0</minxbrcversion>\n                    </reader>\n                    <reader>\n                        <name>mergelrr-1</name>\n                        <id>10</id>\n                        <type>Long Range</type>\n                        <macaddress>00:00:00:00:00:00</macaddress>\n                        <ipaddress>127.0.0.1</ipaddress>\n                        <port>8031</port>\n                        <gain>1.0</gain>\n                        <threshold>-70</threshold>\n                        <lane>0</lane>\n                        <deviceid>0</deviceid>\n                        <x>15</x>\n                        <y>5</y>\n                        <timelasthello>1326487269242</timelasthello>\n                        <version>Simulated</version>\n                        <minxbrcversion>1.0.0.0</minxbrcversion>\n                    </reader>\n                </readers>\n            </readerlocation>\n            <readerlocation>\n                <section></section>\n                <name>Queue</name>\n                <id>2</id>\n                <type>2</type>\n                <x>51.0</x>\n                <y>51.0</y>\n                <readers>\n                    <reader>\n                        <name>queue-4</name>\n                        <id>9</id>\n                        <type>Long Range</type>\n                        <macaddress>00:00:00:00:00:00</macaddress>\n                        <ipaddress>127.0.0.1</ipaddress>\n                        <port>8024</port>\n                        <gain>1.0</gain>\n                        <threshold>-70</threshold>\n                        <lane>0</lane>\n                        <deviceid>0</deviceid>\n                        <x>53</x>\n                        <y>8</y>\n                        <timelasthello>1326487269480</timelasthello>\n                        <version>Simulated</version>\n                        <minxbrcversion>1.0.0.0</minxbrcversion>\n                    </reader>\n                    <reader>\n                        <name>queue-3</name>\n                        <id>8</id>\n                        <type>Long Range</type>\n                        <macaddress>00:00:00:00:00:00</macaddress>\n                        <ipaddress>127.0.0.1</ipaddress>\n                        <port>8023</port>\n                        <gain>1.0</gain>\n                        <threshold>-70</threshold>\n                        <lane>0</lane>\n                        <deviceid>0</deviceid>\n                        <x>50</x>\n                        <y>8</y>\n                        <timelasthello>1326487269230</timelasthello>\n                        <version>Simulated</version>\n                        <minxbrcversion>1.0.0.0</minxbrcversion>\n                    </reader>\n                    <reader>\n                        <name>queue-2</name>\n                        <id>7</id>\n                        <type>Long Range</type>\n                        <macaddress>00:00:00:00:00:00</macaddress>\n                        <ipaddress>127.0.0.1</ipaddress>\n                        <port>8022</port>\n                        <gain>1.0</gain>\n                        <threshold>-70</threshold>\n                        <lane>0</lane>\n                        <deviceid>0</deviceid>\n                        <x>53</x>\n                        <y>5</y>\n                        <timelasthello>1326487269241</timelasthello>\n                        <version>Simulated</version>\n                        <minxbrcversion>1.0.0.0</minxbrcversion>\n                    </reader>\n                    <reader>\n                        <name>queue-1</name>\n                        <id>6</id>\n                        <type>Long Range</type>\n                        <macaddress>00:00:00:00:00:00</macaddress>\n                        <ipaddress>127.0.0.1</ipaddress>\n                        <port>8021</port>\n                        <gain>1.0</gain>\n                        <threshold>-70</threshold>\n                        <lane>0</lane>\n                        <deviceid>0</deviceid>\n                        <x>50</x>\n                        <y>5</y>\n                        <timelasthello>1326487269239</timelasthello>\n                        <version>Simulated</version>\n                        <minxbrcversion>1.0.0.0</minxbrcversion>\n                    </reader>\n                </readers>\n            </readerlocation>\n            <readerlocation>\n                <section></section>\n                <name>Entry</name>\n                <id>1</id>\n                <type>1</type>\n                <x>1.0</x>\n                <y>1.0</y>\n                <readers>\n                    <reader>\n                        <name>entry-4</name>\n                        <id>5</id>\n                        <type>Long Range</type>\n                        <macaddress>00:00:00:00:00:00</macaddress>\n                        <ipaddress>127.0.0.1</ipaddress>\n                        <port>8014</port>\n                        <gain>1.0</gain>\n                        <threshold>-70</threshold>\n                        <lane>0</lane>\n                        <deviceid>0</deviceid>\n                        <x>3</x>\n                        <y>3</y>\n                        <timelasthello>1326487269198</timelasthello>\n                        <version>Simulated</version>\n                        <minxbrcversion>1.0.0.0</minxbrcversion>\n                    </reader>\n                    <reader>\n                        <name>entry-3</name>\n                        <id>4</id>\n                        <type>Long Range</type>\n                        <macaddress>00:00:00:00:00:00</macaddress>\n                        <ipaddress>127.0.0.1</ipaddress>\n                        <port>8013</port>\n                        <gain>1.0</gain>\n                        <threshold>-70</threshold>\n                        <lane>0</lane>\n                        <deviceid>0</deviceid>\n                        <x>0</x>\n                        <y>3</y>\n                        <timelasthello>1326487268779</timelasthello>\n                        <version>Simulated</version>\n                        <minxbrcversion>1.0.0.0</minxbrcversion>\n                    </reader>\n                    <reader>\n                        <name>entry-2</name>\n                        <id>3</id>\n                        <type>Long Range</type>\n                        <macaddress>00:00:00:00:00:00</macaddress>\n                        <ipaddress>127.0.0.1</ipaddress>\n                        <port>8012</port>\n                        <gain>1.0</gain>\n                        <threshold>-70</threshold>\n                        <lane>0</lane>\n                        <deviceid>0</deviceid>\n                        <x>3</x>\n                        <y>0</y>\n                        <timelasthello>1326487268797</timelasthello>\n                        <version>Simulated</version>\n                        <minxbrcversion>1.0.0.0</minxbrcversion>\n                    </reader>\n                    <reader>\n                        <name>entry-1</name>\n                        <id>2</id>\n                        <type>Long Range</type>\n                        <macaddress>00:00:00:00:00:00</macaddress>\n                        <ipaddress>127.0.0.1</ipaddress>\n                        <port>8011</port>\n                        <gain>1.0</gain>\n                        <threshold>-70</threshold>\n                        <lane>0</lane>\n                        <deviceid>0</deviceid>\n                        <x>0</x>\n                        <y>0</y>\n                        <timelasthello>1326487268778</timelasthello>\n                        <version>Simulated</version>\n                        <minxbrcversion>1.0.0.0</minxbrcversion>\n                    </reader>\n                </readers>\n            </readerlocation>\n            <readerlocation>\n                <section></section>\n                <name>UNKNOWN</name>\n                <id>0</id>\n                <type>8</type>\n                <x>0.0</x>\n                <y>0.0</y>\n                <readers>\n                </readers>\n            </readerlocation>\n        </readerlocationinfo>\n        <griditems>\n            <griditem id=\"1\" type=\"Gate\" xgrid=\"1\" ygrid=\"5\">\n                <state></state>\n                <label>Entry</label>\n                <description>Entry for non-XPass guests</description>\n                <image></image>\n                <sequence>0</sequence>\n                <gueststoshow>0</gueststoshow>\n                <locationid>1</locationid>\n            </griditem>\n            <griditem id=\"2\" type=\"HPath\" xgrid=\"2\" ygrid=\"5\">\n                <state></state>\n                <label></label>\n                <description>Guests have entered the attraction</description>\n                <image></image>\n                <sequence>1</sequence>\n                <gueststoshow>0</gueststoshow>\n                <locationid>1</locationid>\n            </griditem>\n            <griditem id=\"3\" type=\"HPath\" xgrid=\"3\" ygrid=\"5\">\n                <state>INDETERMINATE</state>\n                <label></label>\n                <description>Guests have entered the attraction</description>\n                <image></image>\n                <sequence>2</sequence>\n                <gueststoshow>2</gueststoshow>\n                <locationid>1</locationid>\n            </griditem>\n            <griditem id=\"4\" type=\"Gate\" xgrid=\"6\" ygrid=\"3\">\n                <state>HASMERGED</state>\n                <label>Merge</label>\n                <description>Merge point</description>\n                <image></image>\n                <sequence>0</sequence>\n                <gueststoshow>1</gueststoshow>\n                <locationid>0</locationid>\n            </griditem>\n            <griditem id=\"5\" type=\"Gate\" xgrid=\"4\" ygrid=\"3\">\n                <state></state>\n                <label>XPass Entry</label>\n                <description>Entry for XPass guests</description>\n                <image>GateGreen.png</image>\n                <sequence>0</sequence>\n                <gueststoshow>1</gueststoshow>\n                <locationid>5</locationid>\n            </griditem>\n            <griditem id=\"6\" type=\"HPath\" xgrid=\"5\" ygrid=\"3\">\n                <state></state>\n                <label></label>\n                <description>XPass guests have entered the attraction</description>\n                <image></image>\n                <sequence>1</sequence>\n                <gueststoshow>1</gueststoshow>\n                <locationid>1</locationid>\n            </griditem>\n            <griditem id=\"11\" type=\"Gate\" xgrid=\"7\" ygrid=\"5\">\n                <state>INDETERMINATE</state>\n                <label>Queue</label>\n                <description>Queue waypoint</description>\n                <image>GateRed.png</image>\n                <sequence>0</sequence>\n                <gueststoshow>0</gueststoshow>\n                <locationid>2</locationid>\n            </griditem>\n            <griditem id=\"12\" type=\"TWest\" xgrid=\"8\" ygrid=\"5\">\n                <state></state>\n                <label></label>\n                <description>Guests have passed the Queue2 waypoint</description>\n                <image></image>\n                <sequence>1</sequence>\n                <gueststoshow>0</gueststoshow>\n                <locationid>2</locationid>\n            </griditem>\n            <griditem id=\"13\" type=\"ESTurn\" xgrid=\"8\" ygrid=\"4\">\n                <state></state>\n                <label></label>\n                <description>Guests have passed the Queue2 waypoint</description>\n                <image></image>\n                <sequence>2</sequence>\n                <gueststoshow>0</gueststoshow>\n                <locationid>2</locationid>\n            </griditem>\n            <griditem id=\"14\" type=\"ENTurn\" xgrid=\"8\" ygrid=\"6\">\n                <state></state>\n                <label></label>\n                <description>Guests have passed the Queue2 waypoint</description>\n                <image></image>\n                <sequence>3</sequence>\n                <gueststoshow>0</gueststoshow>\n                <locationid>2</locationid>\n            </griditem>\n            <griditem id=\"15\" type=\"Gate\" xgrid=\"10\" ygrid=\"4\">\n                <state></state>\n                <label>Load One</label>\n                <description>Loading point one</description>\n                <image>GateYellow.png</image>\n                <sequence>0</sequence>\n                <gueststoshow>0</gueststoshow>\n                <locationid>7</locationid>\n            </griditem>\n            <griditem id=\"16\" type=\"Gate\" xgrid=\"10\" ygrid=\"6\">\n                <state></state>\n                <label>Load Two</label>\n                <description>Loading point two</description>\n                <image>GateYellow.png</image>\n                <sequence>0</sequence>\n                <gueststoshow>0</gueststoshow>\n                <locationid>8</locationid>\n            </griditem>\n            <griditem id=\"17\" type=\"WSTurn\" xgrid=\"11\" ygrid=\"4\">\n                <state>RIDING</state>\n                <label></label>\n                <description>Guests are riding</description>\n                <image></image>\n                <sequence>1</sequence>\n                <gueststoshow>0</gueststoshow>\n                <locationid>0</locationid>\n            </griditem>\n            <griditem id=\"18\" type=\"WNTurn\" xgrid=\"11\" ygrid=\"6\">\n                <state>RIDING</state>\n                <label></label>\n                <description>Guests are riding</description>\n                <image></image>\n                <sequence>2</sequence>\n                <gueststoshow>0</gueststoshow>\n                <locationid>0</locationid>\n            </griditem>\n            <griditem id=\"19\" type=\"TEast\" xgrid=\"11\" ygrid=\"5\">\n                <state>RIDING</state>\n                <label></label>\n                <description>Guests are riding</description>\n                <image></image>\n                <sequence>3</sequence>\n                <gueststoshow>0</gueststoshow>\n                <locationid>0</locationid>\n            </griditem>\n            <griditem id=\"20\" type=\"HPath\" xgrid=\"12\" ygrid=\"5\">\n                <state>RIDING</state>\n                <label></label>\n                <description>Guests are riding</description>\n                <image></image>\n                <sequence>4</sequence>\n                <gueststoshow>0</gueststoshow>\n                <locationid>0</locationid>\n            </griditem>\n            <griditem id=\"21\" type=\"Gate\" xgrid=\"13\" ygrid=\"5\">\n                <state></state>\n                <label>Exit</label>\n                <description>Attraction exit</description>\n                <image></image>\n                <sequence>0</sequence>\n                <gueststoshow>0</gueststoshow>\n                <locationid>6</locationid>\n            </griditem>\n            <griditem id=\"22\" type=\"HPath\" xgrid=\"14\" ygrid=\"5\">\n                <state></state>\n                <label></label>\n                <description>Guests left the attaction</description>\n                <image></image>\n                <sequence>1</sequence>\n                <gueststoshow>0</gueststoshow>\n                <locationid>6</locationid>\n            </griditem>\n            <griditem id=\"24\" type=\"HPath\" xgrid=\"9\" ygrid=\"4\">\n                <state></state>\n                <label></label>\n                <description>Guests are loading at Load One</description>\n                <image></image>\n                <sequence>0</sequence>\n                <gueststoshow>0</gueststoshow>\n                <locationid>7</locationid>\n            </griditem>\n            <griditem id=\"25\" type=\"HPath\" xgrid=\"9\" ygrid=\"6\">\n                <state></state>\n                <label></label>\n                <description>Guests are loading at Load Two</description>\n                <image></image>\n                <sequence>0</sequence>\n                <gueststoshow>0</gueststoshow>\n                <locationid>8</locationid>\n            </griditem>\n            <griditem id=\"26\" type=\"VPath\" xgrid=\"6\" ygrid=\"4\">\n                <state>HASMERGED</state>\n                <label></label>\n                <description>XPass guests passed the Merge point</description>\n                <image></image>\n                <sequence>1</sequence>\n                <gueststoshow>1</gueststoshow>\n                <locationid>0</locationid>\n            </griditem>\n            <griditem id=\"27\" type=\"Gate\" xgrid=\"4\" ygrid=\"5\">\n                <state>HASMERGED</state>\n                <label>LRR  Merge</label>\n                <description></description>\n                <image>Gate.png</image>\n                <sequence>1</sequence>\n                <gueststoshow>2</gueststoshow>\n                <locationid>0</locationid>\n            </griditem>\n            <griditem id=\"28\" type=\"HPath\" xgrid=\"5\" ygrid=\"5\">\n                <state>HASMERGED</state>\n                <label></label>\n                <description></description>\n                <image></image>\n                <sequence>1</sequence>\n                <gueststoshow>2</gueststoshow>\n                <locationid>0</locationid>\n            </griditem>\n            <griditem id=\"29\" type=\"TNorth\" xgrid=\"6\" ygrid=\"5\">\n                <state>INDETERMINATE</state>\n                <label></label>\n                <description></description>\n                <image></image>\n                <sequence>0</sequence>\n                <gueststoshow>0</gueststoshow>\n                <locationid>0</locationid>\n            </griditem>\n        </griditems>\n        <model>\n        </model>\n    </configuration>\n</venue>\n'),(14,'testconfig3','A test','class com.disney.xband.xbrc.attractionmodel.CEP','<venue name=\"80010114\" time=\"2012-01-17T18:52:59.862\">\n    <configuration name=\"testconfig3\" type=\"full\">\n        <description/>\n        <properties>\n            <property class=\"AttractionModelConfig\"  name=\"abandonmenttimeout\">60</property>\n            <property class=\"AttractionModelConfig\"  name=\"bluelightduration\">2500</property>\n            <property class=\"AttractionModelConfig\"  name=\"deferentrymessages\">true</property>\n            <property class=\"AttractionModelConfig\"  name=\"errorlightperiod\">250</property>\n            <property class=\"AttractionModelConfig\"  name=\"errorpattern\">bnb</property>\n            <property class=\"AttractionModelConfig\"  name=\"exitstatetimeout\">120</property>\n            <property class=\"AttractionModelConfig\"  name=\"greenlightduration\">1000</property>\n            <property class=\"AttractionModelConfig\"  name=\"gstsaveperiod\">1000</property>\n            <property class=\"AttractionModelConfig\"  name=\"gxpurl\">#</property>\n            <property class=\"AttractionModelConfig\"  name=\"loadtype\">trailing</property>\n            <property class=\"AttractionModelConfig\"  name=\"metricsperiod\">15</property>\n            <property class=\"AttractionModelConfig\"  name=\"onridetimeout\">2</property>\n            <property class=\"ControllerInfo\"  name=\"adjusteventtimes\">true</property>\n            <property class=\"ControllerInfo\"  name=\"dateformat\">yyyy-MM-dd HH:mm:ss z</property>\n            <property class=\"ControllerInfo\"  name=\"discoverynetprefix\">10.</property>\n            <property class=\"ControllerInfo\"  name=\"eventdumpfile\">eventdump.txt</property>\n            <property class=\"ControllerInfo\"  name=\"eventprocessingperiod_msec\">200</property>\n            <property class=\"ControllerInfo\"  name=\"eventsperbatch\">500</property>\n            <property class=\"ControllerInfo\"  name=\"httpport\">8080</property>\n            <property class=\"ControllerInfo\"  name=\"httpsport\">0</property>\n            <property class=\"ControllerInfo\"  name=\"idmscachetime_sec\">1800</property>\n            <property class=\"ControllerInfo\"  name=\"jmsretryperiod\">1000</property>\n            <property class=\"ControllerInfo\"  name=\"maxreadsbeforepurge\">8</property>\n            <property class=\"ControllerInfo\"  name=\"messagestorageperiod\">3600</property>\n            <property class=\"ControllerInfo\"  name=\"metricsperiod\">15</property>\n            <property class=\"ControllerInfo\"  name=\"model\">com.disney.xband.xbrc.attractionmodel.CEP</property>\n            <property class=\"ControllerInfo\"  name=\"onridetimeout\">2</property>\n            <property class=\"ControllerInfo\"  name=\"ownipprefix\">10.</property>\n            <property class=\"ControllerInfo\"  name=\"pass\">Mayhem!23</property>\n            <property class=\"ControllerInfo\"  name=\"perfmetricsperiod\">300</property>\n            <property class=\"ControllerInfo\"  name=\"pushmode\">true</property>\n            <property class=\"ControllerInfo\"  name=\"readerdatasendperiod_msec\">100</property>\n            <property class=\"ControllerInfo\"  name=\"readerhellotimeoutsec\">90</property>\n            <property class=\"ControllerInfo\"  name=\"readerhttptimeout_msec\">3000</property>\n            <property class=\"ControllerInfo\"  name=\"readertestmode\">false</property>\n            <property class=\"ControllerInfo\"  name=\"reducedataslicing\">true</property>\n            <property class=\"ControllerInfo\"  name=\"reversetapids\">false</property>\n            <property class=\"ControllerInfo\"  name=\"rfidtestmode\">false</property>\n            <property class=\"ControllerInfo\"  name=\"setreadertime\">true</property>\n            <property class=\"ControllerInfo\"  name=\"singulationalgorithm\">max</property>\n            <property class=\"ControllerInfo\"  name=\"snmp_enabled\">false</property>\n            <property class=\"ControllerInfo\"  name=\"updatestreamhttptimeout_msec\">2000</property>\n            <property class=\"ControllerInfo\"  name=\"updatestreamurl\"></property>\n            <property class=\"ControllerInfo\"  name=\"user\">EMUser</property>\n            <property class=\"ControllerInfo\"  name=\"venue\">80010114</property>\n            <property class=\"ControllerInfo\"  name=\"verbose\">false</property>\n            <property class=\"ControllerInfo\"  name=\"watchedbandtimeout\">180</property>\n            <property class=\"ControllerInfo\"  name=\"wwwdir\">/usr/share/xbrc/www</property>\n            <property class=\"ControllerInfo\"  name=\"xviewurl\">http://localhost:8090/Xview</property>\n            <property class=\"ESBInfo\"  name=\"jmsbroker\">10.75.3.57:2506</property>\n            <property class=\"ESBInfo\"  name=\"jmsdiscoverytimesec\">60</property>\n            <property class=\"ESBInfo\"  name=\"jmspassword\">Administrator</property>\n            <property class=\"ESBInfo\"  name=\"jmsqueryqueue\">disney.xband.xbrc.queryqueue</property>\n            <property class=\"ESBInfo\"  name=\"jmsrequestqueue\">com.synapse.xbrcIn</property>\n            <property class=\"ESBInfo\"  name=\"jmstopic\">com.synapse.xbrc</property>\n            <property class=\"ESBInfo\"  name=\"jmsuser\">Administrator</property>\n            <property class=\"EventConfig\"  name=\"amplifiedsignalstrengthmax\">-40</property>\n            <property class=\"EventConfig\"  name=\"amplifiedsignalstrengthmin\">-90</property>\n            <property class=\"EventConfig\"  name=\"deltatime\">3000</property>\n            <property class=\"ReaderConfig\"  name=\"gainsliderincrement\">0.1</property>\n            <property class=\"ReaderConfig\"  name=\"initialized\">false</property>\n            <property class=\"ReaderConfig\"  name=\"maximumgain\">2.0</property>\n            <property class=\"ReaderConfig\"  name=\"maximumthreshold\">63</property>\n            <property class=\"ReaderConfig\"  name=\"minimumgain\">-1.0</property>\n            <property class=\"ReaderConfig\"  name=\"minimumthreshold\">0</property>\n            <property class=\"ReaderConfig\"  name=\"minnormaltemperature\">19.0</property>\n            <property class=\"ReaderConfig\"  name=\"mmaxnormaltemperature\">22.0</property>\n            <property class=\"ReaderConfig\"  name=\"temperaturetoohigh\">25.0</property>\n            <property class=\"ReaderConfig\"  name=\"thresholdsliderincrement\">1</property>\n            <property class=\"ReaderConfig\"  name=\"xbrcconfigmodseq\">2</property>\n            <property class=\"ServiceLocator\"  name=\"service_implementor_suffix\">Imp</property>\n            <property class=\"UIAttractionViewConfig\"  name=\"gridheight\">9</property>\n            <property class=\"UIAttractionViewConfig\"  name=\"gridsize\">50</property>\n            <property class=\"UIAttractionViewConfig\"  name=\"gridwidth\">18</property>\n            <property class=\"UIAttractionViewConfig\"  name=\"guesticonheight\">24</property>\n            <property class=\"UIAttractionViewConfig\"  name=\"guesticonspacing\">10</property>\n            <property class=\"UIAttractionViewConfig\"  name=\"guesticonstagger\">4</property>\n            <property class=\"UIAttractionViewConfig\"  name=\"guesticonwidth\">24</property>\n            <property class=\"UIAttractionViewConfig\"  name=\"maxguestspericon\">5</property>\n            <property class=\"UIAttractionViewConfig\"  name=\"maxiconspergriditem\">3</property>\n            <property class=\"UIConfig\"  name=\"controllerurl\">http://localhost:8080</property>\n            <property class=\"UIConfig\"  name=\"guestxviewcachetimesec\">1800</property>\n            <property class=\"UIConfig\"  name=\"xviewurl\">http://localhost:8090/Xview</property>\n        </properties>\n        <readerlocationinfo>\n            <readerlocation>\n                <section></section>\n                <name>Load2</name>\n                <id>8</id>\n                <type>4</type>\n                <x>76.0</x>\n                <y>76.0</y>\n                <readers>\n                    <reader>\n                        <name>load2-4</name>\n                        <id>27</id>\n                        <type>Long Range</type>\n                        <macaddress>00:00:00:00:00:00</macaddress>\n                        <ipaddress>127.0.0.1</ipaddress>\n                        <port>8084</port>\n                        <gain>1.0</gain>\n                        <threshold>-70</threshold>\n                        <lane>0</lane>\n                        <deviceid>0</deviceid>\n                        <x>78</x>\n                        <y>13</y>\n                        <timelasthello>1326487269780</timelasthello>\n                        <version>Simulated</version>\n                        <minxbrcversion>1.0.0.0</minxbrcversion>\n                    </reader>\n                    <reader>\n                        <name>load2-3</name>\n                        <id>26</id>\n                        <type>Long Range</type>\n                        <macaddress>00:00:00:00:00:00</macaddress>\n                        <ipaddress>127.0.0.1</ipaddress>\n                        <port>8083</port>\n                        <gain>1.0</gain>\n                        <threshold>-70</threshold>\n                        <lane>0</lane>\n                        <deviceid>0</deviceid>\n                        <x>75</x>\n                        <y>13</y>\n                        <timelasthello>1326487269827</timelasthello>\n                        <version>Simulated</version>\n                        <minxbrcversion>1.0.0.0</minxbrcversion>\n                    </reader>\n                    <reader>\n                        <name>load2-2</name>\n                        <id>25</id>\n                        <type>Long Range</type>\n                        <macaddress>00:00:00:00:00:00</macaddress>\n                        <ipaddress>127.0.0.1</ipaddress>\n                        <port>8082</port>\n                        <gain>1.0</gain>\n                        <threshold>-70</threshold>\n                        <lane>0</lane>\n                        <deviceid>0</deviceid>\n                        <x>78</x>\n                        <y>10</y>\n                        <timelasthello>1326487269748</timelasthello>\n                        <version>Simulated</version>\n                        <minxbrcversion>1.0.0.0</minxbrcversion>\n                    </reader>\n                    <reader>\n                        <name>load2-1</name>\n                        <id>24</id>\n                        <type>Long Range</type>\n                        <macaddress>00:00:00:00:00:00</macaddress>\n                        <ipaddress>127.0.0.1</ipaddress>\n                        <port>8081</port>\n                        <gain>1.0</gain>\n                        <threshold>-70</threshold>\n                        <lane>0</lane>\n                        <deviceid>0</deviceid>\n                        <x>75</x>\n                        <y>10</y>\n                        <timelasthello>1326487269770</timelasthello>\n                        <version>Simulated</version>\n                        <minxbrcversion>1.0.0.0</minxbrcversion>\n                    </reader>\n                </readers>\n            </readerlocation>\n            <readerlocation>\n                <section></section>\n                <name>Load1</name>\n                <id>7</id>\n                <type>4</type>\n                <x>76.0</x>\n                <y>76.0</y>\n                <readers>\n                    <reader>\n                        <name>load1-4</name>\n                        <id>23</id>\n                        <type>Long Range</type>\n                        <macaddress>00:00:00:00:00:00</macaddress>\n                        <ipaddress>127.0.0.1</ipaddress>\n                        <port>8074</port>\n                        <gain>1.0</gain>\n                        <threshold>-70</threshold>\n                        <lane>0</lane>\n                        <deviceid>0</deviceid>\n                        <x>78</x>\n                        <y>3</y>\n                        <timelasthello>1326487269750</timelasthello>\n                        <version>Simulated</version>\n                        <minxbrcversion>1.0.0.0</minxbrcversion>\n                    </reader>\n                    <reader>\n                        <name>load1-3</name>\n                        <id>22</id>\n                        <type>Long Range</type>\n                        <macaddress>00:00:00:00:00:00</macaddress>\n                        <ipaddress>127.0.0.1</ipaddress>\n                        <port>8073</port>\n                        <gain>1.0</gain>\n                        <threshold>-70</threshold>\n                        <lane>0</lane>\n                        <deviceid>0</deviceid>\n                        <x>75</x>\n                        <y>3</y>\n                        <timelasthello>1326487269779</timelasthello>\n                        <version>Simulated</version>\n                        <minxbrcversion>1.0.0.0</minxbrcversion>\n                    </reader>\n                    <reader>\n                        <name>load1-2</name>\n                        <id>21</id>\n                        <type>Long Range</type>\n                        <macaddress>00:00:00:00:00:00</macaddress>\n                        <ipaddress>127.0.0.1</ipaddress>\n                        <port>8072</port>\n                        <gain>1.0</gain>\n                        <threshold>-70</threshold>\n                        <lane>0</lane>\n                        <deviceid>0</deviceid>\n                        <x>78</x>\n                        <y>0</y>\n                        <timelasthello>1326487269575</timelasthello>\n                        <version>Simulated</version>\n                        <minxbrcversion>1.0.0.0</minxbrcversion>\n                    </reader>\n                    <reader>\n                        <name>load1-1</name>\n                        <id>20</id>\n                        <type>Long Range</type>\n                        <macaddress>00:00:00:00:00:00</macaddress>\n                        <ipaddress>127.0.0.1</ipaddress>\n                        <port>8071</port>\n                        <gain>1.0</gain>\n                        <threshold>-70</threshold>\n                        <lane>0</lane>\n                        <deviceid>0</deviceid>\n                        <x>75</x>\n                        <y>0</y>\n                        <timelasthello>1326487269540</timelasthello>\n                        <version>Simulated</version>\n                        <minxbrcversion>1.0.0.0</minxbrcversion>\n                    </reader>\n                </readers>\n            </readerlocation>\n            <readerlocation>\n                <section></section>\n                <name>Exit</name>\n                <id>6</id>\n                <type>3</type>\n                <x>101.0</x>\n                <y>101.0</y>\n                <readers>\n                    <reader>\n                        <name>exit-4</name>\n                        <id>19</id>\n                        <type>Long Range</type>\n                        <macaddress>00:00:00:00:00:00</macaddress>\n                        <ipaddress>127.0.0.1</ipaddress>\n                        <port>8064</port>\n                        <gain>1.0</gain>\n                        <threshold>-70</threshold>\n                        <lane>0</lane>\n                        <deviceid>0</deviceid>\n                        <x>103</x>\n                        <y>8</y>\n                        <timelasthello>1326487270059</timelasthello>\n                        <version>Simulated</version>\n                        <minxbrcversion>1.0.0.0</minxbrcversion>\n                    </reader>\n                    <reader>\n                        <name>exit-3</name>\n                        <id>18</id>\n                        <type>Long Range</type>\n                        <macaddress>00:00:00:00:00:00</macaddress>\n                        <ipaddress>127.0.0.1</ipaddress>\n                        <port>8063</port>\n                        <gain>1.0</gain>\n                        <threshold>-70</threshold>\n                        <lane>0</lane>\n                        <deviceid>0</deviceid>\n                        <x>100</x>\n                        <y>8</y>\n                        <timelasthello>1326487270018</timelasthello>\n                        <version>Simulated</version>\n                        <minxbrcversion>1.0.0.0</minxbrcversion>\n                    </reader>\n                    <reader>\n                        <name>exit-2</name>\n                        <id>17</id>\n                        <type>Long Range</type>\n                        <macaddress>00:00:00:00:00:00</macaddress>\n                        <ipaddress>127.0.0.1</ipaddress>\n                        <port>8062</port>\n                        <gain>1.0</gain>\n                        <threshold>-70</threshold>\n                        <lane>0</lane>\n                        <deviceid>0</deviceid>\n                        <x>103</x>\n                        <y>5</y>\n                        <timelasthello>1326487269984</timelasthello>\n                        <version>Simulated</version>\n                        <minxbrcversion>1.0.0.0</minxbrcversion>\n                    </reader>\n                    <reader>\n                        <name>exit-1</name>\n                        <id>16</id>\n                        <type>Long Range</type>\n                        <macaddress>00:00:00:00:00:00</macaddress>\n                        <ipaddress>127.0.0.1</ipaddress>\n                        <port>8061</port>\n                        <gain>1.0</gain>\n                        <threshold>-70</threshold>\n                        <lane>0</lane>\n                        <deviceid>0</deviceid>\n                        <x>100</x>\n                        <y>5</y>\n                        <timelasthello>1326487269783</timelasthello>\n                        <version>Simulated</version>\n                        <minxbrcversion>1.0.0.0</minxbrcversion>\n                    </reader>\n                </readers>\n            </readerlocation>\n            <readerlocation>\n                <section></section>\n                <name>xPassEntry</name>\n                <id>5</id>\n                <type>7</type>\n                <x>10.0</x>\n                <y>10.0</y>\n                <readers>\n                    <reader>\n                        <name>xpassentry</name>\n                        <id>15</id>\n                        <type>Tap</type>\n                        <macaddress>00:00:00:00:00:00</macaddress>\n                        <ipaddress>127.0.0.1</ipaddress>\n                        <port>8051</port>\n                        <gain>1.0</gain>\n                        <threshold>0</threshold>\n                        <lane>0</lane>\n                        <deviceid>0</deviceid>\n                        <x>8</x>\n                        <y>10</y>\n                        <timelasthello>1326487269211</timelasthello>\n                        <version>Simulated</version>\n                        <minxbrcversion>1.0.0.0</minxbrcversion>\n                    </reader>\n                </readers>\n            </readerlocation>\n            <readerlocation>\n                <section></section>\n                <name>Merge</name>\n                <id>4</id>\n                <type>6</type>\n                <x>15.0</x>\n                <y>15.0</y>\n                <readers>\n                    <reader>\n                        <name>merge</name>\n                        <id>14</id>\n                        <type>Tap</type>\n                        <macaddress>00:00:00:00:00:00</macaddress>\n                        <ipaddress>127.0.0.1</ipaddress>\n                        <port>8041</port>\n                        <gain>1.0</gain>\n                        <threshold>0</threshold>\n                        <lane>0</lane>\n                        <deviceid>0</deviceid>\n                        <x>15</x>\n                        <y>10</y>\n                        <timelasthello>1326487269176</timelasthello>\n                        <version>Simulated</version>\n                        <minxbrcversion>1.0.0.0</minxbrcversion>\n                    </reader>\n                </readers>\n            </readerlocation>\n            <readerlocation>\n                <section></section>\n                <name>MergeLRR</name>\n                <id>3</id>\n                <type>6</type>\n                <x>15.0</x>\n                <y>15.0</y>\n                <readers>\n                    <reader>\n                        <name>mergelrr-4</name>\n                        <id>13</id>\n                        <type>Long Range</type>\n                        <macaddress>00:00:00:00:00:00</macaddress>\n                        <ipaddress>127.0.0.1</ipaddress>\n                        <port>8034</port>\n                        <gain>1.0</gain>\n                        <threshold>-70</threshold>\n                        <lane>0</lane>\n                        <deviceid>0</deviceid>\n                        <x>18</x>\n                        <y>8</y>\n                        <timelasthello>1326487269150</timelasthello>\n                        <version>Simulated</version>\n                        <minxbrcversion>1.0.0.0</minxbrcversion>\n                    </reader>\n                    <reader>\n                        <name>mergelrr-3</name>\n                        <id>12</id>\n                        <type>Long Range</type>\n                        <macaddress>00:00:00:00:00:00</macaddress>\n                        <ipaddress>127.0.0.1</ipaddress>\n                        <port>8033</port>\n                        <gain>1.0</gain>\n                        <threshold>-70</threshold>\n                        <lane>0</lane>\n                        <deviceid>0</deviceid>\n                        <x>15</x>\n                        <y>8</y>\n                        <timelasthello>1326487269183</timelasthello>\n                        <version>Simulated</version>\n                        <minxbrcversion>1.0.0.0</minxbrcversion>\n                    </reader>\n                    <reader>\n                        <name>mergelrr-2</name>\n                        <id>11</id>\n                        <type>Long Range</type>\n                        <macaddress>00:00:00:00:00:00</macaddress>\n                        <ipaddress>127.0.0.1</ipaddress>\n                        <port>8032</port>\n                        <gain>1.0</gain>\n                        <threshold>-70</threshold>\n                        <lane>0</lane>\n                        <deviceid>0</deviceid>\n                        <x>18</x>\n                        <y>5</y>\n                        <timelasthello>1326487269242</timelasthello>\n                        <version>Simulated</version>\n                        <minxbrcversion>1.0.0.0</minxbrcversion>\n                    </reader>\n                    <reader>\n                        <name>mergelrr-1</name>\n                        <id>10</id>\n                        <type>Long Range</type>\n                        <macaddress>00:00:00:00:00:00</macaddress>\n                        <ipaddress>127.0.0.1</ipaddress>\n                        <port>8031</port>\n                        <gain>1.0</gain>\n                        <threshold>-70</threshold>\n                        <lane>0</lane>\n                        <deviceid>0</deviceid>\n                        <x>15</x>\n                        <y>5</y>\n                        <timelasthello>1326487269242</timelasthello>\n                        <version>Simulated</version>\n                        <minxbrcversion>1.0.0.0</minxbrcversion>\n                    </reader>\n                </readers>\n            </readerlocation>\n            <readerlocation>\n                <section></section>\n                <name>Queue</name>\n                <id>2</id>\n                <type>2</type>\n                <x>51.0</x>\n                <y>51.0</y>\n                <readers>\n                    <reader>\n                        <name>queue-4</name>\n                        <id>9</id>\n                        <type>Long Range</type>\n                        <macaddress>00:00:00:00:00:00</macaddress>\n                        <ipaddress>127.0.0.1</ipaddress>\n                        <port>8024</port>\n                        <gain>1.0</gain>\n                        <threshold>-70</threshold>\n                        <lane>0</lane>\n                        <deviceid>0</deviceid>\n                        <x>53</x>\n                        <y>8</y>\n                        <timelasthello>1326487269480</timelasthello>\n                        <version>Simulated</version>\n                        <minxbrcversion>1.0.0.0</minxbrcversion>\n                    </reader>\n                    <reader>\n                        <name>queue-3</name>\n                        <id>8</id>\n                        <type>Long Range</type>\n                        <macaddress>00:00:00:00:00:00</macaddress>\n                        <ipaddress>127.0.0.1</ipaddress>\n                        <port>8023</port>\n                        <gain>1.0</gain>\n                        <threshold>-70</threshold>\n                        <lane>0</lane>\n                        <deviceid>0</deviceid>\n                        <x>50</x>\n                        <y>8</y>\n                        <timelasthello>1326487269230</timelasthello>\n                        <version>Simulated</version>\n                        <minxbrcversion>1.0.0.0</minxbrcversion>\n                    </reader>\n                    <reader>\n                        <name>queue-2</name>\n                        <id>7</id>\n                        <type>Long Range</type>\n                        <macaddress>00:00:00:00:00:00</macaddress>\n                        <ipaddress>127.0.0.1</ipaddress>\n                        <port>8022</port>\n                        <gain>1.0</gain>\n                        <threshold>-70</threshold>\n                        <lane>0</lane>\n                        <deviceid>0</deviceid>\n                        <x>53</x>\n                        <y>5</y>\n                        <timelasthello>1326487269241</timelasthello>\n                        <version>Simulated</version>\n                        <minxbrcversion>1.0.0.0</minxbrcversion>\n                    </reader>\n                    <reader>\n                        <name>queue-1</name>\n                        <id>6</id>\n                        <type>Long Range</type>\n                        <macaddress>00:00:00:00:00:00</macaddress>\n                        <ipaddress>127.0.0.1</ipaddress>\n                        <port>8021</port>\n                        <gain>1.0</gain>\n                        <threshold>-70</threshold>\n                        <lane>0</lane>\n                        <deviceid>0</deviceid>\n                        <x>50</x>\n                        <y>5</y>\n                        <timelasthello>1326487269239</timelasthello>\n                        <version>Simulated</version>\n                        <minxbrcversion>1.0.0.0</minxbrcversion>\n                    </reader>\n                </readers>\n            </readerlocation>\n            <readerlocation>\n                <section></section>\n                <name>Entry</name>\n                <id>1</id>\n                <type>1</type>\n                <x>1.0</x>\n                <y>1.0</y>\n                <readers>\n                    <reader>\n                        <name>entry-4</name>\n                        <id>5</id>\n                        <type>Long Range</type>\n                        <macaddress>00:00:00:00:00:00</macaddress>\n                        <ipaddress>127.0.0.1</ipaddress>\n                        <port>8014</port>\n                        <gain>1.0</gain>\n                        <threshold>-70</threshold>\n                        <lane>0</lane>\n                        <deviceid>0</deviceid>\n                        <x>3</x>\n                        <y>3</y>\n                        <timelasthello>1326487269198</timelasthello>\n                        <version>Simulated</version>\n                        <minxbrcversion>1.0.0.0</minxbrcversion>\n                    </reader>\n                    <reader>\n                        <name>entry-3</name>\n                        <id>4</id>\n                        <type>Long Range</type>\n                        <macaddress>00:00:00:00:00:00</macaddress>\n                        <ipaddress>127.0.0.1</ipaddress>\n                        <port>8013</port>\n                        <gain>1.0</gain>\n                        <threshold>-70</threshold>\n                        <lane>0</lane>\n                        <deviceid>0</deviceid>\n                        <x>0</x>\n                        <y>3</y>\n                        <timelasthello>1326487268779</timelasthello>\n                        <version>Simulated</version>\n                        <minxbrcversion>1.0.0.0</minxbrcversion>\n                    </reader>\n                    <reader>\n                        <name>entry-2</name>\n                        <id>3</id>\n                        <type>Long Range</type>\n                        <macaddress>00:00:00:00:00:00</macaddress>\n                        <ipaddress>127.0.0.1</ipaddress>\n                        <port>8012</port>\n                        <gain>1.0</gain>\n                        <threshold>-70</threshold>\n                        <lane>0</lane>\n                        <deviceid>0</deviceid>\n                        <x>3</x>\n                        <y>0</y>\n                        <timelasthello>1326487268797</timelasthello>\n                        <version>Simulated</version>\n                        <minxbrcversion>1.0.0.0</minxbrcversion>\n                    </reader>\n                    <reader>\n                        <name>entry-1</name>\n                        <id>2</id>\n                        <type>Long Range</type>\n                        <macaddress>00:00:00:00:00:00</macaddress>\n                        <ipaddress>127.0.0.1</ipaddress>\n                        <port>8011</port>\n                        <gain>1.0</gain>\n                        <threshold>-70</threshold>\n                        <lane>0</lane>\n                        <deviceid>0</deviceid>\n                        <x>0</x>\n                        <y>0</y>\n                        <timelasthello>1326487268778</timelasthello>\n                        <version>Simulated</version>\n                        <minxbrcversion>1.0.0.0</minxbrcversion>\n                    </reader>\n                </readers>\n            </readerlocation>\n            <readerlocation>\n                <section></section>\n                <name>UNKNOWN</name>\n                <id>0</id>\n                <type>8</type>\n                <x>0.0</x>\n                <y>0.0</y>\n                <readers>\n                </readers>\n            </readerlocation>\n        </readerlocationinfo>\n        <griditems>\n            <griditem id=\"1\" type=\"Gate\" xgrid=\"1\" ygrid=\"5\">\n                <state></state>\n                <label>Entry</label>\n                <description>Entry for non-XPass guests</description>\n                <image></image>\n                <sequence>0</sequence>\n                <gueststoshow>0</gueststoshow>\n                <locationid>1</locationid>\n            </griditem>\n            <griditem id=\"2\" type=\"HPath\" xgrid=\"2\" ygrid=\"5\">\n                <state></state>\n                <label></label>\n                <description>Guests have entered the attraction</description>\n                <image></image>\n                <sequence>1</sequence>\n                <gueststoshow>0</gueststoshow>\n                <locationid>1</locationid>\n            </griditem>\n            <griditem id=\"3\" type=\"HPath\" xgrid=\"3\" ygrid=\"5\">\n                <state>INDETERMINATE</state>\n                <label></label>\n                <description>Guests have entered the attraction</description>\n                <image></image>\n                <sequence>2</sequence>\n                <gueststoshow>2</gueststoshow>\n                <locationid>1</locationid>\n            </griditem>\n            <griditem id=\"4\" type=\"Gate\" xgrid=\"6\" ygrid=\"3\">\n                <state>HASMERGED</state>\n                <label>Merge</label>\n                <description>Merge point</description>\n                <image></image>\n                <sequence>0</sequence>\n                <gueststoshow>1</gueststoshow>\n                <locationid>0</locationid>\n            </griditem>\n            <griditem id=\"5\" type=\"Gate\" xgrid=\"4\" ygrid=\"3\">\n                <state></state>\n                <label>XPass Entry</label>\n                <description>Entry for XPass guests</description>\n                <image>GateGreen.png</image>\n                <sequence>0</sequence>\n                <gueststoshow>1</gueststoshow>\n                <locationid>5</locationid>\n            </griditem>\n            <griditem id=\"6\" type=\"HPath\" xgrid=\"5\" ygrid=\"3\">\n                <state></state>\n                <label></label>\n                <description>XPass guests have entered the attraction</description>\n                <image></image>\n                <sequence>1</sequence>\n                <gueststoshow>1</gueststoshow>\n                <locationid>1</locationid>\n            </griditem>\n            <griditem id=\"11\" type=\"Gate\" xgrid=\"7\" ygrid=\"5\">\n                <state>INDETERMINATE</state>\n                <label>Queue</label>\n                <description>Queue waypoint</description>\n                <image>GateRed.png</image>\n                <sequence>0</sequence>\n                <gueststoshow>0</gueststoshow>\n                <locationid>2</locationid>\n            </griditem>\n            <griditem id=\"12\" type=\"TWest\" xgrid=\"8\" ygrid=\"5\">\n                <state></state>\n                <label></label>\n                <description>Guests have passed the Queue2 waypoint</description>\n                <image></image>\n                <sequence>1</sequence>\n                <gueststoshow>0</gueststoshow>\n                <locationid>2</locationid>\n            </griditem>\n            <griditem id=\"13\" type=\"ESTurn\" xgrid=\"8\" ygrid=\"4\">\n                <state></state>\n                <label></label>\n                <description>Guests have passed the Queue2 waypoint</description>\n                <image></image>\n                <sequence>2</sequence>\n                <gueststoshow>0</gueststoshow>\n                <locationid>2</locationid>\n            </griditem>\n            <griditem id=\"14\" type=\"ENTurn\" xgrid=\"8\" ygrid=\"6\">\n                <state></state>\n                <label></label>\n                <description>Guests have passed the Queue2 waypoint</description>\n                <image></image>\n                <sequence>3</sequence>\n                <gueststoshow>0</gueststoshow>\n                <locationid>2</locationid>\n            </griditem>\n            <griditem id=\"15\" type=\"Gate\" xgrid=\"10\" ygrid=\"4\">\n                <state></state>\n                <label>Load One</label>\n                <description>Loading point one</description>\n                <image>GateYellow.png</image>\n                <sequence>0</sequence>\n                <gueststoshow>0</gueststoshow>\n                <locationid>7</locationid>\n            </griditem>\n            <griditem id=\"16\" type=\"Gate\" xgrid=\"10\" ygrid=\"6\">\n                <state></state>\n                <label>Load Two</label>\n                <description>Loading point two</description>\n                <image>GateYellow.png</image>\n                <sequence>0</sequence>\n                <gueststoshow>0</gueststoshow>\n                <locationid>8</locationid>\n            </griditem>\n            <griditem id=\"17\" type=\"WSTurn\" xgrid=\"11\" ygrid=\"4\">\n                <state>RIDING</state>\n                <label></label>\n                <description>Guests are riding</description>\n                <image></image>\n                <sequence>1</sequence>\n                <gueststoshow>0</gueststoshow>\n                <locationid>0</locationid>\n            </griditem>\n            <griditem id=\"18\" type=\"WNTurn\" xgrid=\"11\" ygrid=\"6\">\n                <state>RIDING</state>\n                <label></label>\n                <description>Guests are riding</description>\n                <image></image>\n                <sequence>2</sequence>\n                <gueststoshow>0</gueststoshow>\n                <locationid>0</locationid>\n            </griditem>\n            <griditem id=\"19\" type=\"TEast\" xgrid=\"11\" ygrid=\"5\">\n                <state>RIDING</state>\n                <label></label>\n                <description>Guests are riding</description>\n                <image></image>\n                <sequence>3</sequence>\n                <gueststoshow>0</gueststoshow>\n                <locationid>0</locationid>\n            </griditem>\n            <griditem id=\"20\" type=\"HPath\" xgrid=\"12\" ygrid=\"5\">\n                <state>RIDING</state>\n                <label></label>\n                <description>Guests are riding</description>\n                <image></image>\n                <sequence>4</sequence>\n                <gueststoshow>0</gueststoshow>\n                <locationid>0</locationid>\n            </griditem>\n            <griditem id=\"21\" type=\"Gate\" xgrid=\"13\" ygrid=\"5\">\n                <state></state>\n                <label>Exit</label>\n                <description>Attraction exit</description>\n                <image></image>\n                <sequence>0</sequence>\n                <gueststoshow>0</gueststoshow>\n                <locationid>6</locationid>\n            </griditem>\n            <griditem id=\"22\" type=\"HPath\" xgrid=\"14\" ygrid=\"5\">\n                <state></state>\n                <label></label>\n                <description>Guests left the attaction</description>\n                <image></image>\n                <sequence>1</sequence>\n                <gueststoshow>0</gueststoshow>\n                <locationid>6</locationid>\n            </griditem>\n            <griditem id=\"24\" type=\"HPath\" xgrid=\"9\" ygrid=\"4\">\n                <state></state>\n                <label></label>\n                <description>Guests are loading at Load One</description>\n                <image></image>\n                <sequence>0</sequence>\n                <gueststoshow>0</gueststoshow>\n                <locationid>7</locationid>\n            </griditem>\n            <griditem id=\"25\" type=\"HPath\" xgrid=\"9\" ygrid=\"6\">\n                <state></state>\n                <label></label>\n                <description>Guests are loading at Load Two</description>\n                <image></image>\n                <sequence>0</sequence>\n                <gueststoshow>0</gueststoshow>\n                <locationid>8</locationid>\n            </griditem>\n            <griditem id=\"26\" type=\"VPath\" xgrid=\"6\" ygrid=\"4\">\n                <state>HASMERGED</state>\n                <label></label>\n                <description>XPass guests passed the Merge point</description>\n                <image></image>\n                <sequence>1</sequence>\n                <gueststoshow>1</gueststoshow>\n                <locationid>0</locationid>\n            </griditem>\n            <griditem id=\"27\" type=\"Gate\" xgrid=\"4\" ygrid=\"5\">\n                <state>HASMERGED</state>\n                <label>LRR  Merge</label>\n                <description></description>\n                <image>Gate.png</image>\n                <sequence>1</sequence>\n                <gueststoshow>2</gueststoshow>\n                <locationid>0</locationid>\n            </griditem>\n            <griditem id=\"28\" type=\"HPath\" xgrid=\"5\" ygrid=\"5\">\n                <state>HASMERGED</state>\n                <label></label>\n                <description></description>\n                <image></image>\n                <sequence>1</sequence>\n                <gueststoshow>2</gueststoshow>\n                <locationid>0</locationid>\n            </griditem>\n            <griditem id=\"29\" type=\"TNorth\" xgrid=\"6\" ygrid=\"5\">\n                <state>INDETERMINATE</state>\n                <label></label>\n                <description></description>\n                <image></image>\n                <sequence>0</sequence>\n                <gueststoshow>0</gueststoshow>\n                <locationid>0</locationid>\n            </griditem>\n        </griditems>\n        <model>\n        </model>\n    </configuration>\n</venue>\n');
/*!40000 ALTER TABLE `StoredConfigurations` ENABLE KEYS */;
UNLOCK TABLES;

--
-- Table structure for table `Walls`
--

DROP TABLE IF EXISTS `Walls`;
/*!40101 SET @saved_cs_client     = @@character_set_client */;
/*!40101 SET character_set_client = utf8 */;
CREATE TABLE `Walls` (
  `x0` double NOT NULL,
  `y0` double NOT NULL,
  `x1` double NOT NULL,
  `y1` double NOT NULL,
  `ID` int(11) NOT NULL AUTO_INCREMENT,
  PRIMARY KEY (`ID`)
) ENGINE=MyISAM AUTO_INCREMENT=4 DEFAULT CHARSET=latin1 COMMENT='Simulated "walls" in attration';
/*!40101 SET character_set_client = @saved_cs_client */;

--
-- Dumping data for table `Walls`
--

LOCK TABLES `Walls` WRITE;
/*!40000 ALTER TABLE `Walls` DISABLE KEYS */;
INSERT INTO `Walls` VALUES (10,10,100,10,1),(10,0,100,0,3);
/*!40000 ALTER TABLE `Walls` ENABLE KEYS */;
UNLOCK TABLES;
/*!40103 SET TIME_ZONE=@OLD_TIME_ZONE */;

/*!40101 SET SQL_MODE=@OLD_SQL_MODE */;
/*!40014 SET FOREIGN_KEY_CHECKS=@OLD_FOREIGN_KEY_CHECKS */;
/*!40014 SET UNIQUE_CHECKS=@OLD_UNIQUE_CHECKS */;
/*!40101 SET CHARACTER_SET_CLIENT=@OLD_CHARACTER_SET_CLIENT */;
/*!40101 SET CHARACTER_SET_RESULTS=@OLD_CHARACTER_SET_RESULTS */;
/*!40101 SET COLLATION_CONNECTION=@OLD_COLLATION_CONNECTION */;
/*!40111 SET SQL_NOTES=@OLD_SQL_NOTES */;

-- Dump completed on 2012-02-23 17:43:45
